id,student,merchant,orderTime,status,totalAmount,items
1,stu_1,喜茶,2024-01-01 12:30:00,已完成,38.0,清爽芭乐提:2;
2,stu_32,古茗,2024-01-01 09:00:00,已完成,34.0,云深幽兰:2;
3,stu_23,蜜雪冰城,2024-01-02 12:51:00,已完成,32.0,青提肉多多:2;新鲜冰激凌:1;满杯百香果:1;冰鲜柠檬水:1;
4,吴十,茶百道,2024-01-02 18:52:00,已完成,80.0,青提茉莉:1;超级大瓜:3;
5,stu_3,瑞幸,2024-01-02 18:31:00,已完成,55.9,荔枝冰萃:2;生椰拿铁:1;
6,stu_40,蜜雪冰城,2024-01-02 18:48:00,已完成,50.0,青提肉多多:2;新鲜冰激凌:1;满杯百香果:2;冰鲜柠檬水:3;
7,stu_11,星巴克,2024-01-03 11:12:00,已完成,141.0,抹茶星冰乐:1;焦糖玛奇朵:1;燕麦拿铁:1;比利时黑巧拿铁:1;
8,孙八,喜茶,2024-01-03 12:12:00,已完成,95.0,清爽芭乐提:1;牦牛乳酥油茶:1;多肉桃李:2;羽衣纤体瓶:1;
9,stu_4,古茗,2024-01-03 06:08:00,已完成,28.0,桃桃冰冰李:2;
10,stu_30,奈雪的茶,2024-01-03 22:49:00,已完成,32.0,金色山脉珍珠奶茶:2;
11,stu_9,喜茶,2024-01-04 09:02:00,已完成,19.0,清爽芭乐提:1;
12,stu_37,蜜雪冰城,2024-01-04 16:46:00,已完成,3.0,新鲜冰激凌:1;
13,stu_47,蜜雪冰城,2024-01-05 10:45:00,已完成,16.0,满杯百香果:2;
14,stu_30,蜜雪冰城,2024-01-05 22:38:00,已取消,24.0,青提肉多多:3;
15,stu_46,奈雪的茶,2024-01-05 18:11:00,已完成,51.0,茉莉初雪奶茶:1;霸气橙子:1;金色山脉珍珠奶茶:1;
16,stu_18,喜茶,2024-01-06 06:07:00,已完成,38.0,羽衣纤体瓶:2;
17,stu_13,古茗,2024-01-06 14:20:00,已完成,45.0,云深幽兰:1;云雾栀子:2;
18,stu_5,蜜雪冰城,2024-01-06 06:40:00,已取消,8.0,青提肉多多:1;
19,吴十,瑞幸,2024-01-07 22:17:00,已完成,32.0,鲜萃轻轻茉莉:2;
20,stu_27,古茗,2024-01-07 14:06:00,已完成,17.0,云深幽兰:1;
21,吴十,蜜雪冰城,2024-01-07 10:15:00,已完成,16.0,新鲜冰激凌:1;满杯百香果:1;冰鲜柠檬水:1;
22,stu_42,喜茶,2024-01-08 17:25:00,已完成,80.0,牦牛乳酥油茶:1;羽衣纤体瓶:3;
23,stu_33,茶百道,2024-01-08 06:53:00,已完成,18.0,蜜瓜冰淇淋:1;
24,stu_48,奈雪的茶,2024-01-09 15:11:00,已完成,35.0,茉莉初雪奶茶:1;霸气橙子:1;
25,stu_33,蜜雪冰城,2024-01-09 15:48:00,已完成,5.0,冰鲜柠檬水:1;
26,stu_5,蜜雪冰城,2024-01-10 15:21:00,已完成,10.0,冰鲜柠檬水:2;
27,stu_23,古茗,2024-01-10 14:12:00,已完成,31.0,云深幽兰:1;云雾栀子:1;
28,stu_10,茶百道,2024-01-11 13:34:00,已完成,14.0,青提茉莉:1;
29,stu_21,茶百道,2024-01-11 18:01:00,已完成,82.0,青提茉莉:3;超级大瓜:1;蜜瓜冰淇淋:1;
30,stu_16,古茗,2024-01-12 13:43:00,已完成,17.0,云深幽兰:1;
31,stu_14,蜜雪冰城,2024-01-12 21:57:00,已完成,6.0,新鲜冰激凌:2;
32,stu_40,茶百道,2024-01-13 15:22:00,已完成,32.0,青提茉莉:1;蜜瓜冰淇淋:1;
33,stu_41,瑞幸,2024-01-13 09:38:00,已完成,13.9,生椰拿铁:1;
34,stu_28,茶百道,2024-01-13 11:46:00,已完成,28.0,青提茉莉:2;
35,stu_20,茶百道,2024-01-13 09:57:00,已完成,58.0,青提茉莉:1;超级大瓜:2;
36,王五,星巴克,2024-01-14 12:22:00,已完成,66.0,燕麦拿铁:2;
37,stu_42,蜜雪冰城,2024-01-14 12:59:00,已完成,32.0,青提肉多多:2;新鲜冰激凌:1;满杯百香果:1;冰鲜柠檬水:1;
38,stu_37,古茗,2024-01-14 17:29:00,已完成,76.0,桃桃冰冰李:2;云深幽兰:2;云雾栀子:1;
39,钱七,喜茶,2024-01-14 09:09:00,已完成,84.0,清爽芭乐提:1;牦牛乳酥油茶:2;羽衣纤体瓶:1;
40,stu_11,蜜雪冰城,2024-01-15 19:04:00,已完成,16.0,青提肉多多:2;
41,周九,蜜雪冰城,2024-01-15 06:32:00,已完成,24.0,青提肉多多:3;
42,王五,蜜雪冰城,2024-01-16 07:44:00,已取消,5.0,冰鲜柠檬水:1;
43,stu_12,蜜雪冰城,2024-01-16 17:34:00,已完成,8.0,青提肉多多:1;
44,stu_6,古茗,2024-01-16 19:34:00,已取消,17.0,云深幽兰:1;
45,孙八,喜茶,2024-01-17 15:22:00,已完成,46.0,牦牛乳酥油茶:2;
46,stu_3,星巴克,2024-01-17 19:59:00,已完成,65.0,抹茶星冰乐:1;燕麦拿铁:1;
47,stu_23,古茗,2024-01-17 06:59:00,已完成,28.0,云雾栀子:2;
48,stu_48,茶百道,2024-01-17 13:11:00,已完成,14.0,青提茉莉:1;
49,stu_50,古茗,2024-01-18 17:48:00,已完成,76.0,桃桃冰冰李:2;云深幽兰:2;云雾栀子:1;
50,stu_16,古茗,2024-01-18 07:23:00,已完成,14.0,桃桃冰冰李:1;
51,stu_27,茶百道,2024-01-19 11:41:00,已完成,94.0,青提茉莉:1;超级大瓜:2;蜜瓜冰淇淋:2;
52,stu_6,古茗,2024-01-19 14:31:00,已完成,14.0,桃桃冰冰李:1;
53,周九,蜜雪冰城,2024-01-19 06:38:00,已完成,5.0,冰鲜柠檬水:1;
54,stu_40,古茗,2024-01-20 13:36:00,已完成,14.0,云雾栀子:1;
55,stu_33,喜茶,2024-01-20 10:44:00,已完成,57.0,羽衣纤体瓶:3;
56,stu_5,蜜雪冰城,2024-01-20 08:35:00,已完成,13.0,新鲜冰激凌:1;冰鲜柠檬水:2;
57,stu_19,瑞幸,2024-01-21 20:01:00,已完成,42.0,荔枝冰萃:2;
58,王五,茶百道,2024-01-21 07:14:00,已完成,36.0,青提茉莉:1;超级大瓜:1;
59,stu_40,茶百道,2024-01-21 19:06:00,已完成,14.0,青提茉莉:1;
60,赵六,蜜雪冰城,2024-01-22 07:14:00,已完成,16.0,青提肉多多:2;
61,孙八,喜茶,2024-01-22 08:54:00,已完成,23.0,牦牛乳酥油茶:1;
62,stu_4,蜜雪冰城,2024-01-23 13:28:00,已完成,31.0,满杯百香果:2;冰鲜柠檬水:3;
63,stu_33,蜜雪冰城,2024-01-23 16:18:00,已完成,8.0,青提肉多多:1;
64,stu_34,蜜雪冰城,2024-01-24 18:01:00,已完成,24.0,青提肉多多:1;新鲜冰激凌:1;满杯百香果:1;冰鲜柠檬水:1;
65,stu_50,古茗,2024-01-24 19:30:00,已完成,17.0,云深幽兰:1;
66,赵六,蜜雪冰城,2024-01-25 14:23:00,已完成,3.0,新鲜冰激凌:1;
67,stu_33,瑞幸,2024-01-25 15:24:00,已完成,16.0,鲜萃轻轻茉莉:1;
68,stu_26,茶百道,2024-01-26 15:57:00,已取消,86.0,青提茉莉:1;蜜瓜冰淇淋:4;
69,stu_4,瑞幸,2024-01-26 10:59:00,已完成,42.0,荔枝冰萃:2;
70,stu_39,茶百道,2024-01-27 21:25:00,已完成,28.0,青提茉莉:2;
71,stu_24,瑞幸,2024-01-27 20:40:00,已完成,42.0,荔枝冰萃:2;
72,stu_26,蜜雪冰城,2024-01-27 08:12:00,已完成,24.0,青提肉多多:1;新鲜冰激凌:1;满杯百香果:1;冰鲜柠檬水:1;
73,stu_20,古茗,2024-01-28 08:05:00,已完成,59.0,桃桃冰冰李:2;云深幽兰:1;云雾栀子:1;
74,stu_47,茶百道,2024-01-28 14:35:00,已完成,28.0,青提茉莉:2;
75,stu_2,奈雪的茶,2024-01-28 11:32:00,已完成,70.0,茉莉初雪奶茶:1;霸气橙子:2;金色山脉珍珠奶茶:1;
76,stu_49,喜茶,2024-01-29 22:18:00,已完成,42.0,牦牛乳酥油茶:1;羽衣纤体瓶:1;
77,stu_31,古茗,2024-01-29 17:49:00,已完成,59.0,桃桃冰冰李:1;云深幽兰:1;云雾栀子:2;
78,吴十,蜜雪冰城,2024-01-30 18:08:00,已完成,32.0,青提肉多多:1;新鲜冰激凌:1;满杯百香果:2;冰鲜柠檬水:1;
79,stu_22,古茗,2024-01-30 08:23:00,已完成,115.0,桃桃冰冰李:5;云深幽兰:1;云雾栀子:2;
80,stu_5,蜜雪冰城,2024-01-31 09:06:00,已完成,19.0,青提肉多多:1;新鲜冰激凌:1;满杯百香果:1;
81,stu_21,古茗,2024-01-31 09:31:00,已完成,17.0,云深幽兰:1;
82,stu_26,蜜雪冰城,2024-01-31 22:58:00,已完成,8.0,青提肉多多:1;
83,stu_10,蜜雪冰城,2024-02-01 15:56:00,已完成,8.0,满杯百香果:1;
84,stu_16,蜜雪冰城,2024-02-01 19:35:00,已完成,10.0,冰鲜柠檬水:2;
85,stu_34,星巴克,2024-02-01 16:24:00,已完成,37.0,焦糖玛奇朵:1;
86,stu_25,喜茶,2024-02-02 14:58:00,已完成,42.0,牦牛乳酥油茶:1;羽衣纤体瓶:1;
87,stu_16,古茗,2024-02-02 07:37:00,已完成,14.0,云雾栀子:1;
88,stu_36,古茗,2024-02-03 10:41:00,已完成,14.0,云雾栀子:1;
89,stu_11,奈雪的茶,2024-02-03 21:09:00,已完成,16.0,金色山脉珍珠奶茶:1;
90,stu_34,蜜雪冰城,2024-02-03 11:55:00,已完成,29.0,青提肉多多:1;新鲜冰激凌:1;满杯百香果:1;冰鲜柠檬水:2;
91,stu_41,茶百道,2024-02-03 06:07:00,已完成,14.0,青提茉莉:1;
92,stu_7,古茗,2024-02-03 12:26:00,已完成,45.0,桃桃冰冰李:1;云深幽兰:1;云雾栀子:1;
93,stu_28,喜茶,2024-02-04 19:39:00,已完成,23.0,牦牛乳酥油茶:1;
94,stu_35,蜜雪冰城,2024-02-04 07:09:00,已完成,5.0,冰鲜柠檬水:1;
95,stu_48,茶百道,2024-02-04 15:31:00,已完成,46.0,青提茉莉:2;蜜瓜冰淇淋:1;
96,stu_23,蜜雪冰城,2024-02-04 09:09:00,已完成,15.0,冰鲜柠檬水:3;
97,stu_7,蜜雪冰城,2024-02-05 18:57:00,已完成,27.0,青提肉多多:1;新鲜冰激凌:2;满杯百香果:1;冰鲜柠檬水:1;
98,stu_20,奈雪的茶,2024-02-05 14:49:00,已完成,48.0,茉莉初雪奶茶:3;
99,张三,蜜雪冰城,2024-02-05 14:21:00,已完成,8.0,青提肉多多:1;
100,stu_25,茶百道,2024-02-06 06:58:00,已完成,14.0,青提茉莉:1;
101,stu_8,瑞幸,2024-02-06 18:39:00,已完成,64.8,橙C美式:2;羽衣轻体果蔬茶:1;荔枝冰萃:1;
102,stu_49,茶百道,2024-02-07 08:51:00,已完成,76.0,青提茉莉:1;超级大瓜:2;蜜瓜冰淇淋:1;
103,stu_38,喜茶,2024-02-07 15:02:00,已完成,23.0,牦牛乳酥油茶:1;
104,stu_25,奈雪的茶,2024-02-07 15:38:00,已完成,57.0,霸气橙子:3;
105,stu_32,瑞幸,2024-02-08 14:15:00,已完成,48.0,羽衣轻体果蔬茶:1;鲜萃轻轻茉莉:2;
106,stu_27,喜茶,2024-02-08 14:30:00,已完成,46.0,牦牛乳酥油茶:2;
107,stu_15,茶百道,2024-02-08 18:49:00,已完成,76.0,青提茉莉:1;超级大瓜:2;蜜瓜冰淇淋:1;
108,stu_34,蜜雪冰城,2024-02-09 17:50:00,已完成,24.0,青提肉多多:1;新鲜冰激凌:1;满杯百香果:1;冰鲜柠檬水:1;
109,stu_16,奈雪的茶,2024-02-09 22:48:00,已完成,19.0,霸气橙子:1;
110,stu_50,蜜雪冰城,2024-02-10 16:51:00,已完成,16.0,青提肉多多:2;
111,stu_9,星巴克,2024-02-10 14:06:00,已完成,141.0,抹茶星冰乐:1;焦糖玛奇朵:1;白桃气泡美式:2;
112,stu_17,古茗,2024-02-10 22:43:00,已完成,17.0,云深幽兰:1;
113,stu_36,古茗,2024-02-11 08:32:00,已完成,65.0,桃桃冰冰李:1;云深幽兰:3;
114,stu_16,蜜雪冰城,2024-02-11 09:15:00,已完成,10.0,冰鲜柠檬水:2;
115,吴十,蜜雪冰城,2024-02-11 20:22:00,已完成,16.0,青提肉多多:1;满杯百香果:1;
116,stu_8,古茗,2024-02-12 20:49:00,已完成,14.0,云雾栀子:1;
117,stu_14,蜜雪冰城,2024-02-12 14:03:00,已完成,5.0,冰鲜柠檬水:1;
118,stu_31,瑞幸,2024-02-13 10:25:00,已完成,21.0,荔枝冰萃:1;
119,stu_11,古茗,2024-02-13 21:48:00,已完成,17.0,云深幽兰:1;
120,stu_41,奈雪的茶,2024-02-14 13:35:00,已完成,51.0,茉莉初雪奶茶:1;霸气橙子:1;金色山脉珍珠奶茶:1;
121,stu_36,蜜雪冰城,2024-02-14 14:36:00,已完成,3.0,新鲜冰激凌:1;
122,stu_19,茶百道,2024-02-14 07:31:00,已完成,18.0,蜜瓜冰淇淋:1;
123,stu_41,茶百道,2024-02-14 11:40:00,已完成,68.0,青提茉莉:2;超级大瓜:1;蜜瓜冰淇淋:1;
124,stu_24,蜜雪冰城,2024-02-15 21:47:00,已完成,3.0,新鲜冰激凌:1;
125,stu_21,蜜雪冰城,2024-02-15 13:32:00,已完成,6.0,新鲜冰激凌:2;
126,stu_10,古茗,2024-02-16 20:04:00,已完成,42.0,云雾栀子:3;
127,stu_14,茶百道,2024-02-16 10:08:00,已完成,14.0,青提茉莉:1;
128,stu_41,古茗,2024-02-16 21:17:00,已完成,59.0,桃桃冰冰李:1;云深幽兰:1;云雾栀子:2;
129,stu_30,古茗,2024-02-17 21:01:00,已完成,14.0,云雾栀子:1;
130,stu_45,茶百道,2024-02-17 16:48:00,已完成,14.0,青提茉莉:1;
131,stu_28,茶百道,2024-02-17 22:55:00,已完成,28.0,青提茉莉:2;
132,张三,蜜雪冰城,2024-02-18 18:48:00,已完成,48.0,青提肉多多:2;新鲜冰激凌:1;满杯百香果:3;冰鲜柠檬水:1;
133,stu_23,蜜雪冰城,2024-02-18 13:06:00,已完成,32.0,青提肉多多:3;新鲜冰激凌:1;冰鲜柠檬水:1;
134,李四,茶百道,2024-02-18 08:51:00,已完成,96.0,青提茉莉:4;超级大瓜:1;蜜瓜冰淇淋:1;
135,stu_48,古茗,2024-02-18 17:07:00,已完成,59.0,桃桃冰冰李:2;云深幽兰:1;云雾栀子:1;
136,stu_15,古茗,2024-02-19 07:19:00,已完成,14.0,云雾栀子:1;
137,stu_13,瑞幸,2024-02-19 18:15:00,已完成,64.8,橙C美式:1;羽衣轻体果蔬茶:1;荔枝冰萃:1;生椰拿铁:1;
138,stu_42,蜜雪冰城,2024-02-20 14:03:00,已完成,16.0,满杯百香果:2;
139,钱七,茶百道,2024-02-20 10:42:00,已完成,28.0,青提茉莉:2;
140,stu_44,茶百道,2024-02-20 21:28:00,已完成,18.0,蜜瓜冰淇淋:1;
141,stu_29,瑞幸,2024-02-20 18:08:00,已完成,80.8,橙C美式:2;羽衣轻体果蔬茶:1;鲜萃轻轻茉莉:1;荔枝冰萃:1;
142,stu_33,茶百道,2024-02-21 06:58:00,已取消,14.0,青提茉莉:1;
143,stu_14,奈雪的茶,2024-02-21 12:36:00,已完成,35.0,茉莉初雪奶茶:1;霸气橙子:1;
144,stu_24,古茗,2024-02-22 20:00:00,已完成,116.0,桃桃冰冰李:1;云深幽兰:6;
145,stu_18,星巴克,2024-02-22 20:29:00,已完成,37.0,焦糖玛奇朵:1;
146,stu_21,古茗,2024-02-22 09:50:00,已完成,45.0,桃桃冰冰李:1;云深幽兰:1;云雾栀子:1;
147,stu_8,星巴克,2024-02-22 13:06:00,已完成,39.0,比利时黑巧拿铁:1;
148,stu_3,喜茶,2024-02-23 06:26:00,已完成,38.0,羽衣纤体瓶:2;
149,stu_48,奈雪的茶,2024-02-23 22:46:00,已完成,67.0,茉莉初雪奶茶:2;霸气橙子:1;金色山脉珍珠奶茶:1;
150,stu_35,奈雪的茶,2024-02-24 15:59:00,已完成,35.0,茉莉初雪奶茶:1;霸气橙子:1;
151,钱七,瑞幸,2024-02-24 17:23:00,已完成,96.8,橙C美式:1;鲜萃轻轻茉莉:3;荔枝冰萃:1;生椰拿铁:1;
152,stu_36,蜜雪冰城,2024-02-24 14:09:00,已完成,10.0,冰鲜柠檬水:2;
153,stu_41,古茗,2024-02-25 11:35:00,已取消,59.0,桃桃冰冰李:2;云深幽兰:1;云雾栀子:1;
154,吴十,茶百道,2024-02-25 19:13:00,已完成,14.0,青提茉莉:1;
155,stu_44,古茗,2024-02-25 06:12:00,已完成,14.0,桃桃冰冰李:1;
156,stu_19,喜茶,2024-02-26 06:50:00,已完成,19.0,羽衣纤体瓶:1;
157,stu_43,茶百道,2024-02-26 07:43:00,已完成,14.0,青提茉莉:1;
158,stu_31,蜜雪冰城,2024-02-27 22:08:00,已完成,32.0,青提肉多多:4;
159,stu_25,蜜雪冰城,2024-02-27 18:50:00,已取消,11.0,新鲜冰激凌:2;冰鲜柠檬水:1;
160,钱七,茶百道,2024-02-28 06:17:00,已完成,86.0,青提茉莉:1;蜜瓜冰淇淋:4;
161,stu_21,星巴克,2024-02-28 10:15:00,已完成,37.0,焦糖玛奇朵:1;
162,stu_23,茶百道,2024-02-29 21:02:00,已完成,18.0,蜜瓜冰淇淋:1;
163,stu_3,奈雪的茶,2024-02-29 12:23:00,已完成,51.0,茉莉初雪奶茶:1;霸气橙子:1;金色山脉珍珠奶茶:1;
164,stu_1,瑞幸,2024-03-01 18:50:00,已完成,34.9,橙C美式:1;荔枝冰萃:1;
165,stu_44,喜茶,2024-03-01 08:03:00,已完成,19.0,羽衣纤体瓶:1;
166,stu_31,瑞幸,2024-03-02 15:44:00,已完成,79.0,鲜萃轻轻茉莉:1;荔枝冰萃:3;
167,stu_39,奈雪的茶,2024-03-02 22:21:00,已完成,16.0,茉莉初雪奶茶:1;
168,stu_29,喜茶,2024-03-02 12:59:00,已完成,65.0,清爽芭乐提:1;牦牛乳酥油茶:2;
169,stu_46,蜜雪冰城,2024-03-02 08:22:00,已完成,6.0,新鲜冰激凌:2;
170,stu_35,茶百道,2024-03-02 21:58:00,已完成,28.0,青提茉莉:2;
171,stu_7,茶百道,2024-03-03 13:58:00,已完成,46.0,青提茉莉:2;蜜瓜冰淇淋:1;
172,stu_12,蜜雪冰城,2024-03-03 12:37:00,已完成,47.0,青提肉多多:1;新鲜冰激凌:1;满杯百香果:2;冰鲜柠檬水:4;
173,stu_16,蜜雪冰城,2024-03-03 12:23:00,已完成,29.0,青提肉多多:1;新鲜冰激凌:1;满杯百香果:1;冰鲜柠檬水:2;
174,stu_15,奈雪的茶,2024-03-04 14:15:00,已完成,35.0,茉莉初雪奶茶:1;霸气橙子:1;
175,stu_29,瑞幸,2024-03-04 11:47:00,已完成,50.9,鲜萃轻轻茉莉:1;荔枝冰萃:1;生椰拿铁:1;
176,stu_33,蜜雪冰城,2024-03-04 07:22:00,已完成,5.0,冰鲜柠檬水:1;
177,stu_47,蜜雪冰城,2024-03-04 22:24:00,已完成,3.0,新鲜冰激凌:1;
178,stu_4,蜜雪冰城,2024-03-05 09:14:00,已完成,3.0,新鲜冰激凌:1;
179,stu_9,奈雪的茶,2024-03-05 14:48:00,已取消,16.0,金色山脉珍珠奶茶:1;
180,stu_31,古茗,2024-03-05 09:11:00,已完成,14.0,桃桃冰冰李:1;
181,stu_49,茶百道,2024-03-05 20:49:00,已完成,54.0,蜜瓜冰淇淋:3;
182,stu_9,蜜雪冰城,2024-03-06 09:41:00,已完成,5.0,冰鲜柠檬水:1;
183,stu_39,蜜雪冰城,2024-03-06 13:41:00,已完成,6.0,新鲜冰激凌:2;
184,stu_2,奈雪的茶,2024-03-06 09:53:00,已完成,19.0,霸气橙子:1;
185,stu_50,喜茶,2024-03-07 12:31:00,已完成,126.0,清爽芭乐提:1;牦牛乳酥油茶:3;羽衣纤体瓶:2;
186,stu_5,星巴克,2024-03-07 09:32:00,已完成,78.0,比利时黑巧拿铁:2;
187,stu_38,奈雪的茶,2024-03-08 15:30:00,已完成,57.0,霸气橙子:3;
188,stu_48,喜茶,2024-03-08 11:48:00,已完成,101.0,清爽芭乐提:1;牦牛乳酥油茶:2;多肉桃李:1;羽衣纤体瓶:1;
189,stu_31,茶百道,2024-03-09 09:41:00,已完成,22.0,超级大瓜:1;
190,stu_11,古茗,2024-03-09 07:21:00,已完成,45.0,桃桃冰冰李:1;云深幽兰:1;云雾栀子:1;
191,stu_33,奈雪的茶,2024-03-09 13:07:00,已完成,16.0,茉莉初雪奶茶:1;
192,stu_23,古茗,2024-03-09 07:10:00,已完成,14.0,云雾栀子:1;
193,stu_6,茶百道,2024-03-10 11:28:00,已完成,32.0,青提茉莉:1;蜜瓜冰淇淋:1;
194,stu_4,古茗,2024-03-10 07:53:00,已完成,28.0,云雾栀子:2;
195,stu_28,瑞幸,2024-03-10 08:55:00,已完成,48.8,荔枝冰萃:1;生椰拿铁:2;
196,stu_33,星巴克,2024-03-11 15:20:00,已完成,33.0,燕麦拿铁:1;
197,吴十,茶百道,2024-03-11 21:21:00,已完成,28.0,青提茉莉:2;
198,stu_47,古茗,2024-03-11 20:52:00,待处理,51.0,云深幽兰:3;
199,stu_46,星巴克,2024-03-11 13:11:00,已完成,32.0,抹茶星冰乐:1;
200,stu_27,奈雪的茶,2024-03-12 06:21:00,已完成,57.0,霸气橙子:3;
201,stu_36,瑞幸,2024-03-12 15:52:00,已完成,13.9,生椰拿铁:1;
202,stu_50,星巴克,2024-03-12 19:50:00,已完成,33.0,燕麦拿铁:1;
203,stu_3,茶百道,2024-03-13 17:09:00,已完成,36.0,蜜瓜冰淇淋:2;
204,钱七,茶百道,2024-03-13 13:12:00,已完成,36.0,青提茉莉:1;超级大瓜:1;
205,stu_48,茶百道,2024-03-13 09:00:00,已完成,22.0,超级大瓜:1;
206,王五,喜茶,2024-03-14 15:17:00,已完成,19.0,羽衣纤体瓶:1;
207,stu_12,蜜雪冰城,2024-03-14 07:24:00,已完成,3.0,新鲜冰激凌:1;
208,stu_29,蜜雪冰城,2024-03-15 15:41:00,已完成,8.0,满杯百香果:1;
209,stu_36,瑞幸,2024-03-15 10:19:00,已完成,29.9,鲜萃轻轻茉莉:1;生椰拿铁:1;
210,stu_25,古茗,2024-03-15 10:06:00,已完成,14.0,云雾栀子:1;
211,stu_42,古茗,2024-03-16 11:19:00,已完成,56.0,桃桃冰冰李:3;云雾栀子:1;
212,stu_3,茶百道,2024-03-16 13:04:00,已完成,28.0,青提茉莉:2;
213,stu_14,喜茶,2024-03-16 11:27:00,已完成,78.0,清爽芭乐提:1;牦牛乳酥油茶:1;多肉桃李:1;羽衣纤体瓶:1;
214,stu_10,瑞幸,2024-03-16 16:26:00,已完成,29.9,羽衣轻体果蔬茶:1;生椰拿铁:1;
215,stu_24,蜜雪冰城,2024-03-16 21:23:00,已完成,3.0,新鲜冰激凌:1;
216,周九,蜜雪冰城,2024-03-17 17:46:00,已完成,32.0,青提肉多多:1;新鲜冰激凌:1;满杯百香果:2;冰鲜柠檬水:1;
217,stu_9,古茗,2024-03-17 11:41:00,已完成,14.0,云雾栀子:1;
218,stu_21,古茗,2024-03-17 15:44:00,已完成,28.0,桃桃冰冰李:1;云雾栀子:1;
219,stu_49,蜜雪冰城,2024-03-18 15:09:00,已取消,3.0,新鲜冰激凌:1;
220,吴十,蜜雪冰城,2024-03-18 19:21:00,已完成,8.0,满杯百香果:1;
221,钱七,茶百道,2024-03-19 09:29:00,已完成,88.0,超级大瓜:4;
222,孙八,喜茶,2024-03-19 16:14:00,已完成,19.0,羽衣纤体瓶:1;
223,stu_26,蜜雪冰城,2024-03-19 12:13:00,已完成,5.0,冰鲜柠檬水:1;
224,stu_19,蜜雪冰城,2024-03-20 12:24:00,已完成,22.0,新鲜冰激凌:2;满杯百香果:2;
225,stu_46,古茗,2024-03-20 21:49:00,已完成,42.0,云雾栀子:3;
226,周九,茶百道,2024-03-21 11:56:00,已完成,32.0,青提茉莉:1;蜜瓜冰淇淋:1;
227,stu_17,蜜雪冰城,2024-03-21 08:15:00,已完成,5.0,冰鲜柠檬水:1;
228,stu_32,瑞幸,2024-03-21 16:20:00,已完成,16.0,鲜萃轻轻茉莉:1;
229,stu_48,茶百道,2024-03-22 19:41:00,已完成,18.0,蜜瓜冰淇淋:1;
230,stu_19,蜜雪冰城,2024-03-22 21:51:00,已完成,24.0,青提肉多多:3;
231,吴十,奈雪的茶,2024-03-23 21:58:00,已完成,64.0,茉莉初雪奶茶:4;
232,stu_33,奈雪的茶,2024-03-23 17:12:00,已完成,51.0,茉莉初雪奶茶:1;霸气橙子:1;金色山脉珍珠奶茶:1;
233,赵六,茶百道,2024-03-23 19:20:00,已完成,72.0,蜜瓜冰淇淋:4;
234,stu_27,蜜雪冰城,2024-03-23 22:58:00,已完成,16.0,青提肉多多:2;
235,stu_36,喜茶,2024-03-24 16:40:00,已完成,19.0,清爽芭乐提:1;
236,stu_43,瑞幸,2024-03-24 06:11:00,已完成,13.9,生椰拿铁:1;
237,stu_12,古茗,2024-03-24 10:03:00,已完成,17.0,云深幽兰:1;
238,stu_17,蜜雪冰城,2024-03-24 13:35:00,已完成,5.0,冰鲜柠檬水:1;
239,周九,奈雪的茶,2024-03-25 11:20:00,已完成,83.0,茉莉初雪奶茶:1;霸气橙子:1;金色山脉珍珠奶茶:3;
240,stu_35,蜜雪冰城,2024-03-25 08:19:00,已完成,8.0,满杯百香果:1;
241,李四,蜜雪冰城,2024-03-26 20:58:00,已完成,8.0,青提肉多多:1;
242,stu_45,蜜雪冰城,2024-03-26 15:30:00,已完成,5.0,冰鲜柠檬水:1;
243,stu_37,蜜雪冰城,2024-03-26 10:35:00,已完成,8.0,青提肉多多:1;
244,stu_45,奈雪的茶,2024-03-27 18:56:00,已完成,16.0,金色山脉珍珠奶茶:1;
245,stu_38,古茗,2024-03-27 21:21:00,已完成,14.0,云雾栀子:1;
246,stu_31,古茗,2024-03-27 07:32:00,已完成,14.0,云雾栀子:1;
247,stu_34,星巴克,2024-03-28 12:09:00,已完成,69.0,抹茶星冰乐:1;焦糖玛奇朵:1;
248,stu_7,古茗,2024-03-28 15:37:00,已完成,14.0,桃桃冰冰李:1;
249,stu_17,奈雪的茶,2024-03-28 18:32:00,已完成,70.0,茉莉初雪奶茶:1;霸气橙子:2;金色山脉珍珠奶茶:1;
250,stu_19,星巴克,2024-03-29 10:58:00,已完成,74.0,焦糖玛奇朵:2;
251,stu_12,茶百道,2024-03-29 22:38:00,已完成,28.0,青提茉莉:2;
252,stu_10,古茗,2024-03-30 14:30:00,已完成,14.0,桃桃冰冰李:1;
253,stu_3,喜茶,2024-03-30 11:11:00,已完成,19.0,羽衣纤体瓶:1;
254,吴十,星巴克,2024-03-30 17:04:00,已完成,178.0,抹茶星冰乐:1;焦糖玛奇朵:2;燕麦拿铁:1;比利时黑巧拿铁:1;
255,stu_46,星巴克,2024-03-31 22:40:00,已完成,32.0,抹茶星冰乐:1;
256,吴十,奈雪的茶,2024-03-31 21:37:00,已完成,19.0,霸气橙子:1;
257,stu_37,奈雪的茶,2024-03-31 21:59:00,已完成,19.0,霸气橙子:1;
258,李四,蜜雪冰城,2024-04-01 13:07:00,已完成,16.0,满杯百香果:2;
259,stu_15,喜茶,2024-04-01 12:16:00,已完成,99.0,清爽芭乐提:1;牦牛乳酥油茶:1;羽衣纤体瓶:3;
260,stu_41,古茗,2024-04-02 20:45:00,已完成,17.0,云深幽兰:1;
261,stu_2,蜜雪冰城,2024-04-02 20:23:00,已完成,16.0,青提肉多多:2;
262,stu_7,奈雪的茶,2024-04-03 18:20:00,已完成,89.0,茉莉初雪奶茶:1;霸气橙子:3;金色山脉珍珠奶茶:1;
263,stu_36,蜜雪冰城,2024-04-03 11:31:00,已完成,10.0,冰鲜柠檬水:2;
264,周九,古茗,2024-04-04 12:28:00,已完成,101.0,桃桃冰冰李:5;云深幽兰:1;云雾栀子:1;
265,stu_24,奈雪的茶,2024-04-04 07:47:00,已完成,35.0,茉莉初雪奶茶:1;霸气橙子:1;
266,stu_12,茶百道,2024-04-05 18:31:00,已完成,54.0,青提茉莉:1;超级大瓜:1;蜜瓜冰淇淋:1;
267,stu_23,喜茶,2024-04-05 06:32:00,已完成,38.0,羽衣纤体瓶:2;
268,吴十,星巴克,2024-04-05 19:43:00,已完成,33.0,燕麦拿铁:1;
269,stu_40,蜜雪冰城,2024-04-06 21:33:00,已完成,8.0,青提肉多多:1;
270,stu_17,蜜雪冰城,2024-04-06 08:52:00,已完成,8.0,新鲜冰激凌:1;冰鲜柠檬水:1;
271,stu_38,奈雪的茶,2024-04-06 06:39:00,已完成,32.0,茉莉初雪奶茶:1;金色山脉珍珠奶茶:1;
272,吴十,古茗,2024-04-07 15:00:00,已完成,45.0,云深幽兰:1;云雾栀子:2;
273,stu_3,蜜雪冰城,2024-04-07 12:25:00,已完成,24.0,青提肉多多:1;满杯百香果:2;
274,stu_45,星巴克,2024-04-07 06:21:00,已完成,33.0,燕麦拿铁:1;
275,stu_22,茶百道,2024-04-08 11:49:00,已完成,76.0,青提茉莉:1;超级大瓜:2;蜜瓜冰淇淋:1;
276,stu_21,奈雪的茶,2024-04-08 11:33:00,已完成,99.0,茉莉初雪奶茶:1;霸气橙子:1;金色山脉珍珠奶茶:4;
277,stu_5,茶百道,2024-04-09 15:58:00,已完成,78.0,青提茉莉:4;超级大瓜:1;
278,stu_19,古茗,2024-04-09 18:05:00,已完成,87.0,桃桃冰冰李:1;云深幽兰:1;云雾栀子:4;
279,stu_27,奈雪的茶,2024-04-10 10:28:00,已完成,48.0,金色山脉珍珠奶茶:3;
280,张三,茶百道,2024-04-10 14:20:00,已完成,14.0,青提茉莉:1;
281,stu_26,茶百道,2024-04-11 17:00:00,已完成,64.0,青提茉莉:2;蜜瓜冰淇淋:2;
282,stu_14,奈雪的茶,2024-04-11 10:21:00,已完成,38.0,霸气橙子:2;
283,stu_34,瑞幸,2024-04-11 12:24:00,已完成,80.8,橙C美式:1;鲜萃轻轻茉莉:2;荔枝冰萃:1;生椰拿铁:1;
284,stu_8,蜜雪冰城,2024-04-12 15:03:00,已完成,5.0,冰鲜柠檬水:1;
285,stu_6,奈雪的茶,2024-04-12 21:39:00,已完成,19.0,霸气橙子:1;
286,李四,茶百道,2024-04-13 22:02:00,已完成,36.0,蜜瓜冰淇淋:2;
287,stu_48,奈雪的茶,2024-04-13 12:28:00,已完成,35.0,霸气橙子:1;金色山脉珍珠奶茶:1;
288,stu_10,蜜雪冰城,2024-04-13 14:30:00,已完成,3.0,新鲜冰激凌:1;
289,stu_28,奈雪的茶,2024-04-14 22:38:00,已完成,16.0,茉莉初雪奶茶:1;
290,stu_7,喜茶,2024-04-14 18:44:00,已完成,194.0,清爽芭乐提:2;牦牛乳酥油茶:2;多肉桃李:2;羽衣纤体瓶:4;
291,吴十,喜茶,2024-04-14 15:44:00,已完成,46.0,牦牛乳酥油茶:2;
292,stu_40,瑞幸,2024-04-15 16:53:00,已完成,21.0,荔枝冰萃:1;
293,stu_1,蜜雪冰城,2024-04-15 09:36:00,已完成,3.0,新鲜冰激凌:1;
294,孙八,古茗,2024-04-16 17:08:00,已完成,14.0,桃桃冰冰李:1;
295,stu_47,蜜雪冰城,2024-04-16 07:26:00,已完成,6.0,新鲜冰激凌:2;
296,吴十,星巴克,2024-04-17 06:23:00,已完成,33.0,燕麦拿铁:1;
297,stu_13,蜜雪冰城,2024-04-17 06:59:00,已完成,5.0,冰鲜柠檬水:1;
298,孙八,茶百道,2024-04-17 14:23:00,已完成,14.0,青提茉莉:1;
299,stu_4,喜茶,2024-04-18 20:00:00,已完成,19.0,清爽芭乐提:1;
300,钱七,瑞幸,2024-04-18 16:27:00,已完成,13.9,生椰拿铁:1;
301,stu_44,喜茶,2024-04-19 17:42:00,已完成,42.0,清爽芭乐提:1;牦牛乳酥油茶:1;
302,stu_18,蜜雪冰城,2024-04-19 18:31:00,已完成,43.0,青提肉多多:2;新鲜冰激凌:2;满杯百香果:2;冰鲜柠檬水:1;
303,stu_16,蜜雪冰城,2024-04-20 08:31:00,已完成,24.0,新鲜冰激凌:1;满杯百香果:2;冰鲜柠檬水:1;
304,stu_42,瑞幸,2024-04-20 20:28:00,已完成,27.8,生椰拿铁:2;
305,stu_48,蜜雪冰城,2024-04-20 14:48:00,已完成,16.0,青提肉多多:2;
306,stu_34,奈雪的茶,2024-04-20 10:31:00,已完成,38.0,霸气橙子:2;
307,stu_15,星巴克,2024-04-20 13:12:00,已完成,37.0,焦糖玛奇朵:1;
308,stu_13,茶百道,2024-04-21 10:42:00,已取消,14.0,青提茉莉:1;
309,stu_23,蜜雪冰城,2024-04-21 08:17:00,已完成,8.0,青提肉多多:1;
310,stu_23,蜜雪冰城,2024-04-21 12:06:00,已完成,48.0,青提肉多多:2;新鲜冰激凌:1;满杯百香果:3;冰鲜柠檬水:1;
311,stu_36,奈雪的茶,2024-04-21 08:17:00,已完成,35.0,霸气橙子:1;金色山脉珍珠奶茶:1;
312,stu_44,茶百道,2024-04-22 20:18:00,已完成,22.0,超级大瓜:1;
313,stu_29,奈雪的茶,2024-04-22 10:54:00,已完成,16.0,金色山脉珍珠奶茶:1;
314,stu_13,古茗,2024-04-22 15:03:00,已完成,42.0,桃桃冰冰李:3;
315,赵六,蜜雪冰城,2024-04-23 18:57:00,已完成,35.0,青提肉多多:1;新鲜冰激凌:2;满杯百香果:2;冰鲜柠檬水:1;
316,stu_12,星巴克,2024-04-23 21:42:00,已完成,39.0,比利时黑巧拿铁:1;
317,stu_24,瑞幸,2024-04-23 12:07:00,已完成,62.7,橙C美式:2;荔枝冰萃:1;生椰拿铁:1;
318,孙八,古茗,2024-04-24 09:33:00,已完成,62.0,桃桃冰冰李:1;云深幽兰:2;云雾栀子:1;
319,stu_44,瑞幸,2024-04-24 22:48:00,已完成,27.8,橙C美式:1;生椰拿铁:1;
320,stu_27,奈雪的茶,2024-04-25 17:29:00,已完成,57.0,霸气橙子:3;
321,stu_43,蜜雪冰城,2024-04-25 20:45:00,已完成,3.0,新鲜冰激凌:1;
322,stu_42,茶百道,2024-04-26 12:34:00,已完成,50.0,青提茉莉:2;超级大瓜:1;
323,stu_34,奈雪的茶,2024-04-26 12:10:00,已完成,35.0,茉莉初雪奶茶:1;霸气橙子:1;
324,stu_27,喜茶,2024-04-27 10:32:00,已完成,57.0,清爽芭乐提:3;
325,stu_28,蜜雪冰城,2024-04-27 07:38:00,已完成,10.0,冰鲜柠檬水:2;
326,孙八,古茗,2024-04-27 11:02:00,已完成,14.0,云雾栀子:1;
327,stu_4,喜茶,2024-04-27 06:46:00,已完成,57.0,羽衣纤体瓶:3;
328,stu_49,蜜雪冰城,2024-04-28 22:42:00,已完成,8.0,青提肉多多:1;
329,stu_50,古茗,2024-04-28 22:39:00,已完成,48.0,云深幽兰:2;云雾栀子:1;
330,stu_31,奈雪的茶,2024-04-28 15:12:00,已完成,16.0,金色山脉珍珠奶茶:1;
331,stu_35,茶百道,2024-04-29 17:31:00,已完成,134.0,青提茉莉:1;超级大瓜:3;蜜瓜冰淇淋:3;
332,张三,蜜雪冰城,2024-04-29 16:16:00,已完成,5.0,冰鲜柠檬水:1;
333,stu_32,古茗,2024-04-30 19:05:00,已完成,28.0,桃桃冰冰李:2;
334,stu_39,茶百道,2024-04-30 22:57:00,已完成,14.0,青提茉莉:1;
335,stu_14,古茗,2024-05-01 08:47:00,已取消,28.0,云雾栀子:2;
336,stu_5,蜜雪冰城,2024-05-01 14:16:00,已完成,5.0,冰鲜柠檬水:1;
337,stu_10,瑞幸,2024-05-01 07:05:00,已完成,21.0,荔枝冰萃:1;
338,stu_32,古茗,2024-05-02 19:45:00,已完成,14.0,桃桃冰冰李:1;
339,stu_9,蜜雪冰城,2024-05-02 15:52:00,已完成,8.0,新鲜冰激凌:1;冰鲜柠檬水:1;
340,stu_4,古茗,2024-05-03 07:16:00,已完成,17.0,云深幽兰:1;
341,stu_4,喜茶,2024-05-03 20:26:00,已完成,23.0,牦牛乳酥油茶:1;
342,stu_48,蜜雪冰城,2024-05-04 10:55:00,已完成,8.0,青提肉多多:1;
343,stu_8,茶百道,2024-05-04 22:35:00,已取消,22.0,超级大瓜:1;
344,stu_49,古茗,2024-05-04 11:19:00,已完成,110.0,桃桃冰冰李:1;云深幽兰:4;云雾栀子:2;
345,stu_12,奈雪的茶,2024-05-05 11:28:00,已完成,64.0,茉莉初雪奶茶:4;
346,stu_22,蜜雪冰城,2024-05-05 10:11:00,已完成,8.0,青提肉多多:1;
347,张三,奈雪的茶,2024-05-05 13:16:00,已完成,67.0,霸气橙子:1;金色山脉珍珠奶茶:3;
348,stu_4,奈雪的茶,2024-05-05 14:30:00,已完成,16.0,茉莉初雪奶茶:1;
349,stu_41,蜜雪冰城,2024-05-05 11:33:00,已完成,22.0,青提肉多多:2;新鲜冰激凌:2;
350,stu_9,奈雪的茶,2024-05-06 22:47:00,已完成,38.0,霸气橙子:2;
351,stu_24,瑞幸,2024-05-06 07:35:00,已完成,21.0,荔枝冰萃:1;
352,李四,蜜雪冰城,2024-05-06 07:55:00,已完成,5.0,冰鲜柠檬水:1;
353,stu_40,奈雪的茶,2024-05-07 21:48:00,已完成,19.0,霸气橙子:1;
354,stu_32,蜜雪冰城,2024-05-07 21:14:00,已完成,6.0,新鲜冰激凌:2;
355,stu_25,喜茶,2024-05-07 07:09:00,已完成,17.0,多肉桃李:1;
356,stu_48,茶百道,2024-05-08 08:42:00,已完成,82.0,青提茉莉:3;超级大瓜:1;蜜瓜冰淇淋:1;
357,stu_40,星巴克,2024-05-08 19:57:00,已完成,33.0,燕麦拿铁:1;
358,stu_21,茶百道,2024-05-08 19:10:00,已完成,42.0,青提茉莉:3;
359,stu_37,喜茶,2024-05-09 21:52:00,已完成,19.0,清爽芭乐提:1;
360,stu_20,喜茶,2024-05-09 06:02:00,已完成,23.0,牦牛乳酥油茶:1;
361,stu_33,奈雪的茶,2024-05-09 12:31:00,已完成,67.0,茉莉初雪奶茶:1;霸气橙子:1;金色山脉珍珠奶茶:2;
362,stu_12,蜜雪冰城,2024-05-10 12:26:00,已完成,16.0,青提肉多多:1;新鲜冰激凌:1;冰鲜柠檬水:1;
363,stu_44,喜茶,2024-05-10 16:01:00,已完成,19.0,羽衣纤体瓶:1;
364,stu_3,瑞幸,2024-05-11 20:26:00,已完成,16.0,鲜萃轻轻茉莉:1;
365,stu_48,古茗,2024-05-11 10:28:00,已完成,14.0,云雾栀子:1;
366,周九,瑞幸,2024-05-11 18:03:00,已完成,78.7,橙C美式:1;鲜萃轻轻茉莉:1;荔枝冰萃:1;生椰拿铁:2;
367,stu_49,瑞幸,2024-05-12 16:44:00,已完成,32.0,鲜萃轻轻茉莉:2;
368,周九,蜜雪冰城,2024-05-12 08:44:00,已完成,5.0,冰鲜柠檬水:1;
369,stu_38,蜜雪冰城,2024-05-12 11:56:00,已完成,22.0,青提肉多多:1;新鲜冰激凌:3;冰鲜柠檬水:1;
370,stu_45,蜜雪冰城,2024-05-12 17:04:00,已完成,43.0,青提肉多多:1;新鲜冰激凌:2;满杯百香果:3;冰鲜柠檬水:1;
371,stu_47,喜茶,2024-05-12 19:12:00,已完成,23.0,牦牛乳酥油茶:1;
372,stu_38,喜茶,2024-05-13 12:36:00,已完成,61.0,清爽芭乐提:1;牦牛乳酥油茶:1;羽衣纤体瓶:1;
373,stu_2,喜茶,2024-05-13 13:30:00,已取消,38.0,清爽芭乐提:1;羽衣纤体瓶:1;
374,stu_28,古茗,2024-05-14 20:42:00,已取消,14.0,云雾栀子:1;
375,钱七,茶百道,2024-05-14 20:02:00,已完成,28.0,青提茉莉:2;
376,stu_39,蜜雪冰城,2024-05-14 21:33:00,已完成,8.0,青提肉多多:1;
377,王五,蜜雪冰城,2024-05-15 15:10:00,已取消,9.0,新鲜冰激凌:3;
378,stu_23,茶百道,2024-05-15 22:52:00,已取消,14.0,青提茉莉:1;
379,stu_14,茶百道,2024-05-16 09:32:00,已完成,82.0,青提茉莉:2;蜜瓜冰淇淋:3;
380,stu_10,茶百道,2024-05-16 15:49:00,已完成,18.0,蜜瓜冰淇淋:1;
381,stu_23,蜜雪冰城,2024-05-17 08:34:00,已完成,5.0,冰鲜柠檬水:1;
382,stu_18,蜜雪冰城,2024-05-17 12:37:00,已完成,32.0,青提肉多多:2;新鲜冰激凌:1;满杯百香果:1;冰鲜柠檬水:1;
383,stu_28,蜜雪冰城,2024-05-17 20:52:00,已完成,3.0,新鲜冰激凌:1;
384,stu_21,奈雪的茶,2024-05-17 20:15:00,已完成,16.0,茉莉初雪奶茶:1;
385,stu_7,喜茶,2024-05-18 11:13:00,已完成,97.0,清爽芭乐提:2;牦牛乳酥油茶:1;多肉桃李:1;羽衣纤体瓶:1;
386,stu_21,喜茶,2024-05-18 11:48:00,已完成,128.0,牦牛乳酥油茶:4;多肉桃李:1;羽衣纤体瓶:1;
387,stu_37,蜜雪冰城,2024-05-18 17:41:00,已取消,19.0,青提肉多多:2;新鲜冰激凌:1;
388,stu_23,瑞幸,2024-05-19 06:22:00,已完成,21.0,荔枝冰萃:1;
389,stu_20,蜜雪冰城,2024-05-19 10:40:00,已完成,8.0,满杯百香果:1;
390,stu_41,喜茶,2024-05-19 18:25:00,已完成,95.0,清爽芭乐提:1;牦牛乳酥油茶:1;多肉桃李:2;羽衣纤体瓶:1;
391,stu_30,蜜雪冰城,2024-05-20 14:40:00,已完成,8.0,满杯百香果:1;
392,stu_5,星巴克,2024-05-20 06:01:00,已完成,32.0,抹茶星冰乐:1;
393,stu_29,蜜雪冰城,2024-05-21 12:02:00,已完成,16.0,青提肉多多:1;新鲜冰激凌:1;冰鲜柠檬水:1;
394,stu_34,蜜雪冰城,2024-05-21 09:02:00,已完成,16.0,满杯百香果:2;
395,stu_6,古茗,2024-05-22 14:14:00,已完成,42.0,桃桃冰冰李:3;
396,赵六,奈雪的茶,2024-05-22 10:49:00,已完成,48.0,茉莉初雪奶茶:1;金色山脉珍珠奶茶:2;
397,stu_24,蜜雪冰城,2024-05-23 18:36:00,已完成,5.0,冰鲜柠檬水:1;
398,stu_2,奈雪的茶,2024-05-23 14:05:00,已完成,38.0,霸气橙子:2;
399,stu_40,奈雪的茶,2024-05-23 16:41:00,已完成,19.0,霸气橙子:1;
400,吴十,蜜雪冰城,2024-05-23 07:31:00,已完成,16.0,满杯百香果:2;
401,stu_8,蜜雪冰城,2024-05-24 13:06:00,已完成,8.0,青提肉多多:1;
402,stu_29,蜜雪冰城,2024-05-24 20:50:00,已完成,8.0,青提肉多多:1;
403,stu_28,古茗,2024-05-25 10:07:00,已完成,59.0,桃桃冰冰李:1;云深幽兰:1;云雾栀子:2;
404,stu_44,茶百道,2024-05-25 07:27:00,已取消,14.0,青提茉莉:1;
405,stu_49,茶百道,2024-05-25 08:48:00,已完成,14.0,青提茉莉:1;
406,钱七,蜜雪冰城,2024-05-26 14:29:00,已完成,5.0,冰鲜柠檬水:1;
407,stu_15,古茗,2024-05-26 07:02:00,已完成,28.0,云雾栀子:2;
408,王五,蜜雪冰城,2024-05-26 08:43:00,已完成,16.0,青提肉多多:2;
409,stu_16,蜜雪冰城,2024-05-26 08:46:00,已取消,3.0,新鲜冰激凌:1;
410,张三,蜜雪冰城,2024-05-27 16:42:00,已取消,8.0,青提肉多多:1;
411,stu_32,茶百道,2024-05-27 07:25:00,已完成,22.0,超级大瓜:1;
412,stu_36,蜜雪冰城,2024-05-28 13:46:00,已完成,5.0,冰鲜柠檬水:1;
413,stu_31,古茗,2024-05-28 09:01:00,已完成,93.0,桃桃冰冰李:1;云深幽兰:3;云雾栀子:2;
414,stu_24,蜜雪冰城,2024-05-29 08:16:00,已取消,5.0,冰鲜柠檬水:1;
415,stu_42,蜜雪冰城,2024-05-29 11:25:00,已完成,52.0,青提肉多多:2;新鲜冰激凌:1;满杯百香果:1;冰鲜柠檬水:5;
416,stu_18,瑞幸,2024-05-30 21:24:00,已完成,13.9,生椰拿铁:1;
417,stu_5,古茗,2024-05-30 21:37:00,已完成,28.0,桃桃冰冰李:2;
418,stu_4,茶百道,2024-05-31 22:47:00,已完成,42.0,青提茉莉:3;
419,stu_34,蜜雪冰城,2024-05-31 16:45:00,已完成,8.0,青提肉多多:1;
420,stu_4,茶百道,2024-05-31 22:19:00,已完成,28.0,青提茉莉:2;
421,stu_49,蜜雪冰城,2024-06-01 10:38:00,已完成,24.0,青提肉多多:3;
422,stu_13,茶百道,2024-06-01 16:47:00,已完成,14.0,青提茉莉:1;
423,stu_40,茶百道,2024-06-01 14:11:00,已完成,54.0,青提茉莉:1;超级大瓜:1;蜜瓜冰淇淋:1;
424,stu_35,喜茶,2024-06-02 18:32:00,已完成,99.0,清爽芭乐提:3;牦牛乳酥油茶:1;羽衣纤体瓶:1;
425,钱七,古茗,2024-06-02 16:23:00,已完成,14.0,云雾栀子:1;
426,stu_6,瑞幸,2024-06-02 10:48:00,已完成,21.0,荔枝冰萃:1;
427,stu_30,古茗,2024-06-03 14:45:00,已完成,28.0,云雾栀子:2;
428,赵六,茶百道,2024-06-03 14:34:00,已完成,36.0,蜜瓜冰淇淋:2;
429,stu_3,古茗,2024-06-04 20:25:00,已完成,17.0,云深幽兰:1;
430,stu_19,茶百道,2024-06-04 21:40:00,已完成,14.0,青提茉莉:1;
431,stu_3,瑞幸,2024-06-04 19:53:00,已完成,21.0,荔枝冰萃:1;
432,stu_20,星巴克,2024-06-05 09:28:00,已完成,247.0,抹茶星冰乐:2;焦糖玛奇朵:3;燕麦拿铁:1;比利时黑巧拿铁:1;
433,周九,奈雪的茶,2024-06-05 06:52:00,已完成,16.0,茉莉初雪奶茶:1;
434,stu_11,奈雪的茶,2024-06-05 07:52:00,已完成,16.0,茉莉初雪奶茶:1;
435,stu_32,古茗,2024-06-05 22:27:00,已完成,28.0,云雾栀子:2;
436,stu_43,茶百道,2024-06-05 21:28:00,已完成,72.0,蜜瓜冰淇淋:4;
437,stu_8,蜜雪冰城,2024-06-06 13:12:00,已完成,6.0,新鲜冰激凌:2;
438,stu_29,蜜雪冰城,2024-06-06 07:38:00,已完成,5.0,冰鲜柠檬水:1;
439,王五,奈雪的茶,2024-06-07 22:46:00,已完成,19.0,霸气橙子:1;
440,stu_29,古茗,2024-06-07 16:34:00,已完成,14.0,桃桃冰冰李:1;
441,stu_38,瑞幸,2024-06-07 22:07:00,已完成,32.0,鲜萃轻轻茉莉:2;
442,stu_12,蜜雪冰城,2024-06-08 18:27:00,已完成,32.0,青提肉多多:1;新鲜冰激凌:1;满杯百香果:2;冰鲜柠檬水:1;
443,stu_20,蜜雪冰城,2024-06-08 09:08:00,已完成,8.0,青提肉多多:1;
444,stu_33,奈雪的茶,2024-06-08 17:31:00,已完成,70.0,茉莉初雪奶茶:1;霸气橙子:2;金色山脉珍珠奶茶:1;
445,stu_44,古茗,2024-06-09 20:37:00,已完成,14.0,桃桃冰冰李:1;
446,stu_17,喜茶,2024-06-09 10:49:00,已完成,46.0,牦牛乳酥油茶:2;
447,钱七,喜茶,2024-06-09 19:36:00,已完成,57.0,牦牛乳酥油茶:1;多肉桃李:2;
448,stu_49,瑞幸,2024-06-10 17:19:00,已完成,53.0,羽衣轻体果蔬茶:1;鲜萃轻轻茉莉:1;荔枝冰萃:1;
449,stu_14,瑞幸,2024-06-10 17:39:00,已完成,150.6,橙C美式:4;羽衣轻体果蔬茶:1;鲜萃轻轻茉莉:1;荔枝冰萃:3;
450,stu_21,茶百道,2024-06-11 12:44:00,已完成,68.0,青提茉莉:2;超级大瓜:1;蜜瓜冰淇淋:1;
451,stu_7,古茗,2024-06-11 12:36:00,已完成,45.0,桃桃冰冰李:1;云深幽兰:1;云雾栀子:1;
452,stu_28,茶百道,2024-06-12 16:53:00,已完成,14.0,青提茉莉:1;
453,stu_13,喜茶,2024-06-12 21:31:00,已完成,19.0,清爽芭乐提:1;
454,stu_35,瑞幸,2024-06-13 17:15:00,已完成,16.0,羽衣轻体果蔬茶:1;
455,stu_13,古茗,2024-06-13 17:28:00,已完成,113.0,桃桃冰冰李:1;云深幽兰:5;云雾栀子:1;
456,stu_14,茶百道,2024-06-13 14:30:00,已完成,42.0,青提茉莉:3;
457,stu_23,奈雪的茶,2024-06-14 16:13:00,已完成,35.0,茉莉初雪奶茶:1;霸气橙子:1;
458,王五,瑞幸,2024-06-14 22:29:00,已完成,16.0,鲜萃轻轻茉莉:1;
459,stu_49,茶百道,2024-06-15 09:48:00,已完成,18.0,蜜瓜冰淇淋:1;
460,stu_6,蜜雪冰城,2024-06-15 10:17:00,已完成,27.0,青提肉多多:1;新鲜冰激凌:2;满杯百香果:1;冰鲜柠檬水:1;
461,stu_25,古茗,2024-06-15 12:12:00,已完成,62.0,桃桃冰冰李:1;云深幽兰:2;云雾栀子:1;
462,stu_26,古茗,2024-06-15 17:34:00,已完成,104.0,桃桃冰冰李:1;云深幽兰:2;云雾栀子:4;
463,stu_28,瑞幸,2024-06-16 12:54:00,已完成,29.9,鲜萃轻轻茉莉:1;生椰拿铁:1;
464,stu_45,星巴克,2024-06-16 21:55:00,待处理,74.0,焦糖玛奇朵:2;
465,stu_17,奈雪的茶,2024-06-16 09:47:00,已完成,32.0,金色山脉珍珠奶茶:2;
466,stu_48,喜茶,2024-06-17 12:11:00,已取消,61.0,清爽芭乐提:1;牦牛乳酥油茶:1;羽衣纤体瓶:1;
467,stu_2,古茗,2024-06-17 06:31:00,已完成,17.0,云深幽兰:1;
468,stu_10,蜜雪冰城,2024-06-18 22:29:00,已完成,21.0,青提肉多多:1;满杯百香果:1;冰鲜柠檬水:1;
469,stu_37,奈雪的茶,2024-06-18 14:59:00,已完成,19.0,霸气橙子:1;
470,赵六,喜茶,2024-06-18 22:01:00,已完成,46.0,牦牛乳酥油茶:2;
471,stu_7,瑞幸,2024-06-19 16:50:00,已完成,13.9,生椰拿铁:1;
472,stu_42,瑞幸,2024-06-19 19:51:00,已完成,32.0,鲜萃轻轻茉莉:2;
473,stu_6,蜜雪冰城,2024-06-19 14:16:00,已完成,8.0,满杯百香果:1;
474,stu_10,喜茶,2024-06-20 15:24:00,已完成,19.0,清爽芭乐提:1;
475,stu_31,蜜雪冰城,2024-06-20 07:07:00,已完成,8.0,满杯百香果:1;
476,stu_10,蜜雪冰城,2024-06-21 08:35:00,已完成,6.0,新鲜冰激凌:2;
477,stu_33,蜜雪冰城,2024-06-21 19:37:00,已完成,16.0,青提肉多多:2;
478,stu_2,蜜雪冰城,2024-06-21 15:14:00,已完成,5.0,冰鲜柠檬水:1;
479,stu_12,瑞幸,2024-06-22 06:29:00,已完成,48.8,荔枝冰萃:1;生椰拿铁:2;
480,stu_31,喜茶,2024-06-22 15:11:00,已完成,57.0,羽衣纤体瓶:3;
481,周九,蜜雪冰城,2024-06-22 08:57:00,已完成,24.0,青提肉多多:1;新鲜冰激凌:1;满杯百香果:1;冰鲜柠檬水:1;
482,stu_38,蜜雪冰城,2024-06-23 11:50:00,已完成,41.0,青提肉多多:1;新鲜冰激凌:3;满杯百香果:3;
483,stu_42,瑞幸,2024-06-23 18:59:00,已完成,103.9,羽衣轻体果蔬茶:2;鲜萃轻轻茉莉:1;荔枝冰萃:2;生椰拿铁:1;
484,stu_4,瑞幸,2024-06-23 20:06:00,已完成,27.8,橙C美式:2;
485,stu_23,古茗,2024-06-24 20:49:00,已完成,28.0,桃桃冰冰李:2;
486,吴十,奈雪的茶,2024-06-24 08:33:00,已完成,16.0,茉莉初雪奶茶:1;
487,赵六,奈雪的茶,2024-06-25 10:46:00,已完成,19.0,霸气橙子:1;
488,赵六,喜茶,2024-06-25 08:46:00,已完成,19.0,清爽芭乐提:1;
489,stu_35,古茗,2024-06-26 08:00:00,已完成,14.0,云雾栀子:1;
490,赵六,奈雪的茶,2024-06-26 21:39:00,已完成,16.0,茉莉初雪奶茶:1;
491,stu_30,古茗,2024-06-27 20:26:00,已完成,17.0,云深幽兰:1;
492,stu_8,蜜雪冰城,2024-06-27 07:26:00,已完成,24.0,青提肉多多:3;
493,stu_43,蜜雪冰城,2024-06-28 20:54:00,已完成,3.0,新鲜冰激凌:1;
494,张三,奈雪的茶,2024-06-28 20:03:00,已完成,32.0,金色山脉珍珠奶茶:2;
495,stu_49,茶百道,2024-06-29 21:34:00,已完成,22.0,超级大瓜:1;
496,stu_17,蜜雪冰城,2024-06-29 11:36:00,已取消,27.0,青提肉多多:1;新鲜冰激凌:2;满杯百香果:1;冰鲜柠檬水:1;
497,stu_14,蜜雪冰城,2024-06-29 07:01:00,已完成,5.0,冰鲜柠檬水:1;
498,stu_20,茶百道,2024-06-30 11:17:00,已完成,54.0,青提茉莉:1;超级大瓜:1;蜜瓜冰淇淋:1;
499,stu_47,古茗,2024-06-30 20:43:00,已取消,14.0,桃桃冰冰李:1;
500,stu_46,茶百道,2024-06-30 11:22:00,已完成,22.0,超级大瓜:1;
501,周九,古茗,2024-06-30 18:58:00,已完成,62.0,桃桃冰冰李:1;云深幽兰:2;云雾栀子:1;
502,stu_27,喜茶,2024-07-01 09:50:00,已取消,19.0,羽衣纤体瓶:1;
503,stu_21,奈雪的茶,2024-07-01 21:29:00,已完成,73.0,茉莉初雪奶茶:1;霸气橙子:3;
504,stu_11,奈雪的茶,2024-07-02 22:00:00,已完成,19.0,霸气橙子:1;
505,stu_2,茶百道,2024-07-02 15:32:00,已取消,14.0,青提茉莉:1;
506,吴十,喜茶,2024-07-03 11:04:00,已完成,42.0,清爽芭乐提:1;牦牛乳酥油茶:1;
507,stu_9,茶百道,2024-07-03 10:51:00,已完成,44.0,超级大瓜:2;
508,stu_48,瑞幸,2024-07-04 13:50:00,已完成,13.9,橙C美式:1;
509,stu_36,喜茶,2024-07-04 17:58:00,已完成,38.0,羽衣纤体瓶:2;
510,stu_27,茶百道,2024-07-04 07:57:00,已完成,42.0,青提茉莉:3;
511,stu_44,奈雪的茶,2024-07-05 06:09:00,已完成,16.0,茉莉初雪奶茶:1;
512,钱七,茶百道,2024-07-05 06:29:00,已完成,18.0,蜜瓜冰淇淋:1;
513,周九,古茗,2024-07-06 11:08:00,已完成,73.0,桃桃冰冰李:3;云深幽兰:1;云雾栀子:1;
514,stu_16,星巴克,2024-07-06 13:51:00,已完成,39.0,比利时黑巧拿铁:1;
515,stu_38,蜜雪冰城,2024-07-06 11:00:00,已完成,29.0,青提肉多多:1;新鲜冰激凌:1;满杯百香果:1;冰鲜柠檬水:2;
516,stu_31,奈雪的茶,2024-07-07 13:38:00,已完成,35.0,霸气橙子:1;金色山脉珍珠奶茶:1;
517,stu_27,古茗,2024-07-07 18:37:00,已完成,14.0,云雾栀子:1;
518,stu_45,蜜雪冰城,2024-07-07 06:51:00,已完成,3.0,新鲜冰激凌:1;
519,stu_7,喜茶,2024-07-07 11:05:00,已完成,78.0,清爽芭乐提:1;牦牛乳酥油茶:1;多肉桃李:1;羽衣纤体瓶:1;
520,孙八,蜜雪冰城,2024-07-08 20:02:00,已完成,5.0,冰鲜柠檬水:1;
521,stu_14,星巴克,2024-07-08 12:35:00,已完成,69.0,抹茶星冰乐:1;焦糖玛奇朵:1;
522,stu_36,茶百道,2024-07-09 12:35:00,已完成,68.0,青提茉莉:2;超级大瓜:1;蜜瓜冰淇淋:1;
523,stu_23,蜜雪冰城,2024-07-09 10:32:00,已完成,5.0,冰鲜柠檬水:1;
524,stu_26,茶百道,2024-07-10 12:05:00,已完成,100.0,青提茉莉:3;超级大瓜:1;蜜瓜冰淇淋:2;
525,stu_34,奈雪的茶,2024-07-10 11:59:00,已完成,54.0,霸气橙子:2;金色山脉珍珠奶茶:1;
526,stu_33,喜茶,2024-07-11 12:52:00,已完成,97.0,清爽芭乐提:1;牦牛乳酥油茶:1;多肉桃李:1;羽衣纤体瓶:2;
527,吴十,星巴克,2024-07-11 18:24:00,已完成,180.0,焦糖玛奇朵:3;燕麦拿铁:1;白桃气泡美式:1;
528,stu_10,古茗,2024-07-12 20:10:00,已完成,28.0,云雾栀子:2;
529,stu_10,喜茶,2024-07-12 06:20:00,已完成,19.0,清爽芭乐提:1;
530,stu_29,蜜雪冰城,2024-07-13 19:25:00,已完成,8.0,青提肉多多:1;
531,stu_50,瑞幸,2024-07-13 13:42:00,已完成,58.0,鲜萃轻轻茉莉:1;荔枝冰萃:2;
532,stu_44,星巴克,2024-07-13 08:33:00,已完成,141.0,抹茶星冰乐:1;焦糖玛奇朵:1;燕麦拿铁:1;比利时黑巧拿铁:1;
533,stu_1,蜜雪冰城,2024-07-13 16:06:00,已完成,11.0,青提肉多多:1;新鲜冰激凌:1;
534,stu_1,瑞幸,2024-07-13 17:44:00,已完成,64.8,橙C美式:1;鲜萃轻轻茉莉:1;荔枝冰萃:1;生椰拿铁:1;
535,stu_5,蜜雪冰城,2024-07-14 17:41:00,已完成,51.0,青提肉多多:1;新鲜冰激凌:2;满杯百香果:4;冰鲜柠檬水:1;
536,stu_10,蜜雪冰城,2024-07-14 16:28:00,已完成,8.0,青提肉多多:1;
537,周九,喜茶,2024-07-14 18:29:00,已完成,97.0,清爽芭乐提:2;牦牛乳酥油茶:1;多肉桃李:1;羽衣纤体瓶:1;
538,张三,奈雪的茶,2024-07-15 19:19:00,已完成,38.0,霸气橙子:2;
539,stu_17,茶百道,2024-07-15 10:51:00,已完成,18.0,蜜瓜冰淇淋:1;
540,stu_32,蜜雪冰城,2024-07-16 19:17:00,已完成,10.0,冰鲜柠檬水:2;
541,stu_21,茶百道,2024-07-16 17:29:00,已取消,68.0,青提茉莉:2;超级大瓜:1;蜜瓜冰淇淋:1;
542,李四,蜜雪冰城,2024-07-17 14:20:00,已完成,16.0,青提肉多多:1;新鲜冰激凌:1;冰鲜柠檬水:1;
543,stu_43,瑞幸,2024-07-17 06:14:00,已完成,27.8,橙C美式:2;
544,stu_32,茶百道,2024-07-18 15:05:00,已完成,42.0,青提茉莉:3;
545,stu_17,瑞幸,2024-07-18 10:34:00,已完成,13.9,橙C美式:1;
546,孙八,古茗,2024-07-18 10:46:00,已完成,17.0,云深幽兰:1;
547,stu_42,喜茶,2024-07-19 10:35:00,已完成,38.0,羽衣纤体瓶:2;
548,周九,古茗,2024-07-19 18:30:00,已完成,56.0,云雾栀子:4;
549,李四,瑞幸,2024-07-20 10:32:00,已完成,32.0,羽衣轻体果蔬茶:2;
550,stu_39,古茗,2024-07-20 10:07:00,已完成,28.0,云雾栀子:2;
551,王五,奈雪的茶,2024-07-20 10:21:00,已完成,19.0,霸气橙子:1;
552,stu_45,奈雪的茶,2024-07-21 08:42:00,已完成,38.0,霸气橙子:2;
553,stu_38,星巴克,2024-07-21 15:33:00,已完成,39.0,比利时黑巧拿铁:1;
554,stu_25,蜜雪冰城,2024-07-21 13:56:00,已完成,16.0,青提肉多多:2;
555,stu_24,喜茶,2024-07-22 18:43:00,已完成,97.0,清爽芭乐提:2;牦牛乳酥油茶:1;多肉桃李:1;羽衣纤体瓶:1;
556,stu_24,蜜雪冰城,2024-07-22 21:34:00,已完成,3.0,新鲜冰激凌:1;
557,stu_12,瑞幸,2024-07-23 06:18:00,已完成,13.9,橙C美式:1;
558,stu_22,茶百道,2024-07-23 17:51:00,已完成,104.0,青提茉莉:2;超级大瓜:1;蜜瓜冰淇淋:3;
559,stu_41,蜜雪冰城,2024-07-24 16:34:00,已完成,32.0,青提肉多多:4;
560,stu_38,喜茶,2024-07-24 11:50:00,已完成,169.0,清爽芭乐提:1;牦牛乳酥油茶:1;多肉桃李:3;羽衣纤体瓶:4;
561,stu_24,蜜雪冰城,2024-07-25 12:21:00,已取消,30.0,青提肉多多:1;新鲜冰激凌:2;满杯百香果:2;
562,stu_14,古茗,2024-07-25 16:34:00,已完成,28.0,云雾栀子:2;
563,stu_46,茶百道,2024-07-25 06:19:00,已完成,82.0,青提茉莉:2;蜜瓜冰淇淋:3;
564,stu_41,喜茶,2024-07-25 18:59:00,已完成,61.0,清爽芭乐提:1;牦牛乳酥油茶:1;羽衣纤体瓶:1;
565,stu_32,奈雪的茶,2024-07-25 19:40:00,已完成,76.0,霸气橙子:4;
566,王五,奈雪的茶,2024-07-26 08:48:00,已完成,54.0,茉莉初雪奶茶:1;霸气橙子:2;
567,stu_47,茶百道,2024-07-26 09:42:00,已完成,14.0,青提茉莉:1;
568,stu_4,奈雪的茶,2024-07-26 19:17:00,已完成,16.0,金色山脉珍珠奶茶:1;
569,stu_36,蜜雪冰城,2024-07-27 08:28:00,已完成,19.0,新鲜冰激凌:1;满杯百香果:2;
570,stu_25,茶百道,2024-07-27 07:35:00,已完成,42.0,青提茉莉:3;
571,王五,蜜雪冰城,2024-07-27 19:05:00,已完成,3.0,新鲜冰激凌:1;
572,stu_40,瑞幸,2024-07-27 12:08:00,已完成,74.0,鲜萃轻轻茉莉:2;荔枝冰萃:2;
573,stu_45,茶百道,2024-07-28 08:50:00,已完成,60.0,青提茉莉:3;蜜瓜冰淇淋:1;
574,stu_31,喜茶,2024-07-28 06:36:00,已取消,19.0,羽衣纤体瓶:1;
575,stu_12,奈雪的茶,2024-07-28 09:58:00,已完成,35.0,霸气橙子:1;金色山脉珍珠奶茶:1;
576,stu_39,瑞幸,2024-07-28 13:29:00,已完成,29.9,鲜萃轻轻茉莉:1;生椰拿铁:1;
577,stu_38,奈雪的茶,2024-07-29 21:01:00,已取消,32.0,茉莉初雪奶茶:2;
578,stu_45,蜜雪冰城,2024-07-29 09:17:00,已完成,5.0,冰鲜柠檬水:1;
579,stu_13,茶百道,2024-07-30 15:04:00,已完成,42.0,青提茉莉:3;
580,stu_37,古茗,2024-07-30 11:50:00,已完成,73.0,桃桃冰冰李:1;云深幽兰:1;云雾栀子:3;
581,stu_7,奈雪的茶,2024-07-30 21:07:00,已完成,19.0,霸气橙子:1;
582,stu_27,星巴克,2024-07-30 22:49:00,已完成,65.0,抹茶星冰乐:1;燕麦拿铁:1;
583,stu_12,古茗,2024-07-31 15:01:00,已完成,65.0,桃桃冰冰李:1;云深幽兰:3;
584,stu_27,茶百道,2024-07-31 18:51:00,已完成,104.0,青提茉莉:3;超级大瓜:2;蜜瓜冰淇淋:1;
585,stu_7,瑞幸,2024-08-01 16:52:00,已完成,27.8,生椰拿铁:2;
586,张三,喜茶,2024-08-01 13:23:00,已完成,92.0,牦牛乳酥油茶:4;
587,stu_37,喜茶,2024-08-01 08:30:00,已完成,42.0,清爽芭乐提:1;牦牛乳酥油茶:1;
588,stu_25,奈雪的茶,2024-08-02 16:38:00,已完成,16.0,金色山脉珍珠奶茶:1;
589,stu_22,瑞幸,2024-08-02 08:02:00,已取消,16.0,羽衣轻体果蔬茶:1;
590,stu_3,奈雪的茶,2024-08-03 12:09:00,已完成,51.0,茉莉初雪奶茶:1;霸气橙子:1;金色山脉珍珠奶茶:1;
591,stu_25,茶百道,2024-08-03 22:59:00,已完成,18.0,蜜瓜冰淇淋:1;
592,stu_44,蜜雪冰城,2024-08-03 10:24:00,已完成,5.0,冰鲜柠檬水:1;
593,stu_38,茶百道,2024-08-04 18:34:00,已完成,76.0,青提茉莉:1;超级大瓜:2;蜜瓜冰淇淋:1;
594,stu_28,喜茶,2024-08-04 08:14:00,已取消,61.0,清爽芭乐提:1;牦牛乳酥油茶:1;羽衣纤体瓶:1;
595,stu_44,茶百道,2024-08-04 14:25:00,已取消,14.0,青提茉莉:1;
596,stu_6,星巴克,2024-08-05 17:37:00,已完成,392.0,抹茶星冰乐:3;焦糖玛奇朵:2;燕麦拿铁:2;比利时黑巧拿铁:4;
597,stu_13,茶百道,2024-08-05 20:27:00,已完成,14.0,青提茉莉:1;
598,stu_39,茶百道,2024-08-06 13:23:00,已完成,22.0,超级大瓜:1;
599,stu_46,喜茶,2024-08-06 10:05:00,已完成,23.0,牦牛乳酥油茶:1;
600,stu_12,蜜雪冰城,2024-08-07 14:31:00,已完成,16.0,满杯百香果:2;
601,张三,奈雪的茶,2024-08-07 07:12:00,已完成,32.0,茉莉初雪奶茶:2;
602,stu_5,古茗,2024-08-07 17:58:00,已完成,62.0,桃桃冰冰李:1;云深幽兰:2;云雾栀子:1;
603,stu_1,喜茶,2024-08-07 13:28:00,已完成,61.0,牦牛乳酥油茶:1;羽衣纤体瓶:2;
604,stu_46,瑞幸,2024-08-08 06:01:00,已取消,34.9,荔枝冰萃:1;生椰拿铁:1;
605,李四,蜜雪冰城,2024-08-08 17:47:00,已完成,32.0,青提肉多多:1;新鲜冰激凌:2;满杯百香果:1;冰鲜柠檬水:2;
606,stu_8,喜茶,2024-08-09 09:09:00,已完成,42.0,牦牛乳酥油茶:1;羽衣纤体瓶:1;
607,stu_33,奈雪的茶,2024-08-09 06:52:00,已完成,16.0,茉莉初雪奶茶:1;
608,stu_15,蜜雪冰城,2024-08-10 08:54:00,已完成,3.0,新鲜冰激凌:1;
609,stu_44,蜜雪冰城,2024-08-10 16:59:00,已取消,11.0,新鲜冰激凌:2;冰鲜柠檬水:1;
610,stu_14,茶百道,2024-08-10 07:50:00,已完成,14.0,青提茉莉:1;
611,stu_20,喜茶,2024-08-11 13:44:00,已完成,57.0,清爽芭乐提:2;羽衣纤体瓶:1;
612,stu_39,瑞幸,2024-08-11 20:56:00,已完成,27.8,橙C美式:2;
613,stu_38,蜜雪冰城,2024-08-11 22:25:00,已完成,31.0,青提肉多多:2;新鲜冰激凌:5;
614,孙八,蜜雪冰城,2024-08-12 13:24:00,已完成,6.0,新鲜冰激凌:2;
615,stu_11,喜茶,2024-08-12 14:58:00,已完成,42.0,牦牛乳酥油茶:1;羽衣纤体瓶:1;
616,stu_47,古茗,2024-08-12 12:21:00,已完成,70.0,桃桃冰冰李:4;云雾栀子:1;
617,stu_24,喜茶,2024-08-13 11:34:00,已完成,65.0,清爽芭乐提:1;牦牛乳酥油茶:2;
618,stu_32,蜜雪冰城,2024-08-13 18:15:00,已完成,19.0,青提肉多多:1;新鲜冰激凌:1;满杯百香果:1;
619,stu_36,奈雪的茶,2024-08-13 15:06:00,已完成,19.0,霸气橙子:1;
620,stu_45,蜜雪冰城,2024-08-14 22:36:00,已完成,15.0,冰鲜柠檬水:3;
621,stu_15,蜜雪冰城,2024-08-14 07:20:00,已完成,3.0,新鲜冰激凌:1;
622,stu_9,奈雪的茶,2024-08-15 21:55:00,已完成,19.0,霸气橙子:1;
623,stu_28,星巴克,2024-08-15 07:48:00,已完成,74.0,焦糖玛奇朵:2;
624,stu_28,喜茶,2024-08-16 11:30:00,已完成,133.0,清爽芭乐提:2;羽衣纤体瓶:5;
625,stu_25,茶百道,2024-08-16 15:52:00,已完成,14.0,青提茉莉:1;
626,stu_21,瑞幸,2024-08-16 10:53:00,已完成,32.0,鲜萃轻轻茉莉:2;
627,stu_34,古茗,2024-08-16 10:41:00,已完成,14.0,云雾栀子:1;
628,stu_45,茶百道,2024-08-17 13:39:00,已完成,14.0,青提茉莉:1;
629,stu_1,茶百道,2024-08-17 15:24:00,已完成,66.0,超级大瓜:3;
630,stu_28,喜茶,2024-08-17 22:12:00,已完成,42.0,清爽芭乐提:1;牦牛乳酥油茶:1;
631,王五,瑞幸,2024-08-17 18:37:00,已取消,29.9,鲜萃轻轻茉莉:1;生椰拿铁:1;
632,张三,瑞幸,2024-08-18 07:37:00,已完成,16.0,鲜萃轻轻茉莉:1;
633,stu_18,蜜雪冰城,2024-08-18 20:00:00,已完成,8.0,青提肉多多:1;
634,stu_10,喜茶,2024-08-18 20:42:00,已完成,95.0,清爽芭乐提:1;牦牛乳酥油茶:1;多肉桃李:2;羽衣纤体瓶:1;
635,stu_35,蜜雪冰城,2024-08-19 08:33:00,已完成,8.0,青提肉多多:1;
636,stu_29,蜜雪冰城,2024-08-19 09:02:00,已完成,29.0,青提肉多多:1;满杯百香果:2;冰鲜柠檬水:1;
637,stu_27,蜜雪冰城,2024-08-20 08:23:00,已完成,33.0,青提肉多多:3;新鲜冰激凌:3;
638,stu_37,蜜雪冰城,2024-08-20 22:42:00,已完成,5.0,冰鲜柠檬水:1;
639,stu_44,奈雪的茶,2024-08-20 22:16:00,已完成,19.0,霸气橙子:1;
640,stu_8,蜜雪冰城,2024-08-20 17:36:00,已完成,8.0,青提肉多多:1;
641,stu_13,蜜雪冰城,2024-08-21 22:48:00,已完成,5.0,冰鲜柠檬水:1;
642,stu_29,瑞幸,2024-08-21 17:15:00,已完成,94.7,羽衣轻体果蔬茶:1;鲜萃轻轻茉莉:1;荔枝冰萃:1;生椰拿铁:3;
643,孙八,茶百道,2024-08-22 10:52:00,已完成,14.0,青提茉莉:1;
644,stu_25,蜜雪冰城,2024-08-22 18:56:00,已完成,32.0,青提肉多多:1;新鲜冰激凌:2;满杯百香果:1;冰鲜柠檬水:2;
645,stu_5,蜜雪冰城,2024-08-23 07:38:00,已完成,6.0,新鲜冰激凌:2;
646,stu_12,奈雪的茶,2024-08-23 14:32:00,已完成,16.0,金色山脉珍珠奶茶:1;
647,stu_5,蜜雪冰城,2024-08-24 15:25:00,已完成,6.0,新鲜冰激凌:2;
648,stu_41,瑞幸,2024-08-24 18:08:00,已完成,138.8,羽衣轻体果蔬茶:2;鲜萃轻轻茉莉:1;荔枝冰萃:3;生椰拿铁:2;
649,stu_24,古茗,2024-08-24 17:40:00,已完成,73.0,桃桃冰冰李:1;云深幽兰:1;云雾栀子:3;
650,stu_8,古茗,2024-08-25 17:50:00,已完成,101.0,桃桃冰冰李:3;云深幽兰:1;云雾栀子:3;
651,stu_45,奈雪的茶,2024-08-25 16:27:00,已完成,19.0,霸气橙子:1;
652,stu_45,喜茶,2024-08-25 14:25:00,已完成,141.0,牦牛乳酥油茶:3;多肉桃李:2;羽衣纤体瓶:2;
653,stu_7,瑞幸,2024-08-25 20:17:00,已完成,21.0,荔枝冰萃:1;
654,周九,蜜雪冰城,2024-08-25 07:33:00,已取消,3.0,新鲜冰激凌:1;
655,stu_12,茶百道,2024-08-26 06:38:00,已完成,14.0,青提茉莉:1;
656,孙八,星巴克,2024-08-26 08:26:00,已完成,256.0,抹茶星冰乐:1;焦糖玛奇朵:5;比利时黑巧拿铁:1;
657,stu_11,茶百道,2024-08-27 11:12:00,已完成,14.0,青提茉莉:1;
658,stu_44,古茗,2024-08-27 14:30:00,已完成,28.0,桃桃冰冰李:2;
659,stu_43,瑞幸,2024-08-28 14:21:00,已完成,76.6,橙C美式:4;荔枝冰萃:1;
660,stu_48,奈雪的茶,2024-08-28 06:01:00,已完成,38.0,霸气橙子:2;
661,stu_28,古茗,2024-08-28 06:40:00,已完成,28.0,桃桃冰冰李:1;云雾栀子:1;
662,stu_8,瑞幸,2024-08-29 15:16:00,已完成,13.9,生椰拿铁:1;
663,stu_44,古茗,2024-08-29 14:06:00,已完成,70.0,桃桃冰冰李:3;云雾栀子:2;
664,stu_22,茶百道,2024-08-30 07:43:00,已完成,14.0,青提茉莉:1;
665,stu_41,蜜雪冰城,2024-08-30 13:33:00,已完成,8.0,青提肉多多:1;
666,stu_30,奈雪的茶,2024-08-30 10:20:00,已完成,19.0,霸气橙子:1;
667,stu_45,瑞幸,2024-08-31 14:41:00,已完成,41.7,生椰拿铁:3;
668,stu_49,蜜雪冰城,2024-08-31 20:39:00,已完成,16.0,青提肉多多:1;满杯百香果:1;
669,stu_16,瑞幸,2024-08-31 19:08:00,已完成,16.0,鲜萃轻轻茉莉:1;
670,stu_36,奈雪的茶,2024-09-01 07:40:00,已完成,32.0,茉莉初雪奶茶:2;
671,stu_8,蜜雪冰城,2024-09-01 08:11:00,已取消,3.0,新鲜冰激凌:1;
672,stu_11,茶百道,2024-09-01 15:59:00,已完成,14.0,青提茉莉:1;
673,stu_44,茶百道,2024-09-02 11:32:00,已完成,14.0,青提茉莉:1;
674,stu_12,茶百道,2024-09-02 18:49:00,已完成,54.0,青提茉莉:1;超级大瓜:1;蜜瓜冰淇淋:1;
675,stu_30,蜜雪冰城,2024-09-03 10:50:00,已完成,3.0,新鲜冰激凌:1;
676,stu_7,蜜雪冰城,2024-09-03 20:23:00,已完成,5.0,冰鲜柠檬水:1;
677,stu_13,蜜雪冰城,2024-09-04 10:18:00,已完成,3.0,新鲜冰激凌:1;
678,stu_36,蜜雪冰城,2024-09-04 19:25:00,已完成,5.0,冰鲜柠檬水:1;
679,stu_37,蜜雪冰城,2024-09-04 11:55:00,已完成,32.0,青提肉多多:1;新鲜冰激凌:1;满杯百香果:2;冰鲜柠檬水:1;
680,stu_30,瑞幸,2024-09-05 08:13:00,已完成,32.0,鲜萃轻轻茉莉:2;
681,stu_3,蜜雪冰城,2024-09-05 11:11:00,已完成,16.0,满杯百香果:2;
682,stu_19,茶百道,2024-09-05 19:50:00,已完成,68.0,青提茉莉:2;超级大瓜:1;蜜瓜冰淇淋:1;
683,stu_30,奈雪的茶,2024-09-06 08:42:00,已完成,16.0,金色山脉珍珠奶茶:1;
684,stu_12,古茗,2024-09-06 13:42:00,已完成,28.0,云雾栀子:2;
685,李四,瑞幸,2024-09-06 06:28:00,已完成,21.0,荔枝冰萃:1;
686,stu_30,蜜雪冰城,2024-09-07 19:14:00,已完成,16.0,青提肉多多:2;
687,stu_9,古茗,2024-09-07 10:28:00,已完成,17.0,云深幽兰:1;
688,stu_17,喜茶,2024-09-07 14:00:00,已完成,19.0,清爽芭乐提:1;
689,stu_40,古茗,2024-09-08 22:26:00,已完成,17.0,云深幽兰:1;
690,stu_1,瑞幸,2024-09-08 17:48:00,已完成,59.8,橙C美式:1;羽衣轻体果蔬茶:1;鲜萃轻轻茉莉:1;生椰拿铁:1;
691,孙八,蜜雪冰城,2024-09-08 22:29:00,已完成,8.0,青提肉多多:1;
692,stu_32,喜茶,2024-09-09 16:58:00,已完成,57.0,羽衣纤体瓶:3;
693,stu_37,蜜雪冰城,2024-09-09 20:15:00,已完成,8.0,青提肉多多:1;
694,孙八,星巴克,2024-09-10 22:38:00,已完成,148.0,焦糖玛奇朵:4;
695,stu_11,喜茶,2024-09-10 22:10:00,已完成,38.0,羽衣纤体瓶:2;
696,stu_36,茶百道,2024-09-10 11:36:00,已完成,68.0,青提茉莉:2;超级大瓜:1;蜜瓜冰淇淋:1;
697,stu_20,古茗,2024-09-11 06:51:00,已完成,42.0,云雾栀子:3;
698,stu_49,茶百道,2024-09-11 18:03:00,已取消,32.0,青提茉莉:1;蜜瓜冰淇淋:1;
699,stu_26,蜜雪冰城,2024-09-12 21:09:00,已完成,6.0,新鲜冰激凌:2;
700,stu_11,蜜雪冰城,2024-09-12 20:21:00,已完成,8.0,青提肉多多:1;
701,赵六,喜茶,2024-09-13 12:38:00,已完成,120.0,清爽芭乐提:1;牦牛乳酥油茶:2;多肉桃李:1;羽衣纤体瓶:2;
702,stu_21,茶百道,2024-09-13 07:04:00,已完成,14.0,青提茉莉:1;
703,stu_44,蜜雪冰城,2024-09-14 20:38:00,已完成,8.0,青提肉多多:1;
704,stu_41,蜜雪冰城,2024-09-14 12:26:00,已完成,24.0,青提肉多多:1;新鲜冰激凌:1;满杯百香果:1;冰鲜柠檬水:1;
705,stu_34,蜜雪冰城,2024-09-14 17:09:00,已完成,48.0,青提肉多多:3;新鲜冰激凌:1;满杯百香果:2;冰鲜柠檬水:1;
706,stu_36,喜茶,2024-09-14 21:42:00,已完成,19.0,羽衣纤体瓶:1;
707,stu_37,蜜雪冰城,2024-09-15 16:11:00,已完成,13.0,满杯百香果:1;冰鲜柠檬水:1;
708,stu_13,奈雪的茶,2024-09-15 11:20:00,已完成,70.0,茉莉初雪奶茶:1;霸气橙子:2;金色山脉珍珠奶茶:1;
709,stu_43,奈雪的茶,2024-09-15 16:49:00,已完成,16.0,金色山脉珍珠奶茶:1;
710,张三,喜茶,2024-09-16 16:39:00,已完成,19.0,清爽芭乐提:1;
711,stu_8,奈雪的茶,2024-09-16 09:07:00,已完成,67.0,茉莉初雪奶茶:2;霸气橙子:1;金色山脉珍珠奶茶:1;
712,stu_47,喜茶,2024-09-17 18:47:00,已完成,131.0,清爽芭乐提:1;牦牛乳酥油茶:1;多肉桃李:3;羽衣纤体瓶:2;
713,stu_9,星巴克,2024-09-17 22:14:00,已完成,32.0,抹茶星冰乐:1;
714,stu_11,蜜雪冰城,2024-09-17 09:00:00,已完成,15.0,新鲜冰激凌:5;
715,stu_50,奈雪的茶,2024-09-18 08:01:00,已完成,16.0,金色山脉珍珠奶茶:1;
716,孙八,蜜雪冰城,2024-09-18 17:40:00,已完成,32.0,青提肉多多:2;新鲜冰激凌:1;满杯百香果:1;冰鲜柠檬水:1;
717,李四,喜茶,2024-09-19 06:44:00,已完成,23.0,牦牛乳酥油茶:1;
718,stu_5,奈雪的茶,2024-09-19 13:22:00,已完成,19.0,霸气橙子:1;
719,stu_45,古茗,2024-09-20 12:48:00,已完成,93.0,桃桃冰冰李:1;云深幽兰:3;云雾栀子:2;
720,stu_14,蜜雪冰城,2024-09-20 12:26:00,已完成,15.0,冰鲜柠檬水:3;
721,王五,奈雪的茶,2024-09-21 19:32:00,已完成,16.0,金色山脉珍珠奶茶:1;
722,stu_32,茶百道,2024-09-21 13:46:00,已完成,42.0,青提茉莉:3;
723,stu_28,茶百道,2024-09-21 21:27:00,已取消,14.0,青提茉莉:1;
724,stu_9,古茗,2024-09-22 21:39:00,已完成,14.0,桃桃冰冰李:1;
725,stu_31,蜜雪冰城,2024-09-22 16:32:00,已完成,5.0,冰鲜柠檬水:1;
726,stu_39,瑞幸,2024-09-22 22:16:00,已完成,21.0,荔枝冰萃:1;
727,stu_28,奈雪的茶,2024-09-23 16:59:00,已完成,32.0,金色山脉珍珠奶茶:2;
728,stu_1,星巴克,2024-09-23 22:10:00,已完成,74.0,焦糖玛奇朵:2;
729,stu_25,喜茶,2024-09-24 16:27:00,已取消,84.0,牦牛乳酥油茶:2;羽衣纤体瓶:2;
730,赵六,喜茶,2024-09-24 09:47:00,已完成,38.0,羽衣纤体瓶:2;
731,stu_49,茶百道,2024-09-24 21:38:00,已完成,22.0,超级大瓜:1;
732,stu_40,瑞幸,2024-09-25 12:44:00,已完成,29.9,鲜萃轻轻茉莉:1;生椰拿铁:1;
733,stu_4,蜜雪冰城,2024-09-25 17:46:00,已完成,5.0,冰鲜柠檬水:1;
734,stu_30,茶百道,2024-09-25 07:34:00,已完成,14.0,青提茉莉:1;
735,stu_49,古茗,2024-09-25 17:22:00,已完成,82.0,桃桃冰冰李:1;云深幽兰:4;
736,赵六,蜜雪冰城,2024-09-25 09:48:00,已完成,18.0,满杯百香果:1;冰鲜柠檬水:2;
737,stu_1,奈雪的茶,2024-09-26 17:29:00,已完成,51.0,茉莉初雪奶茶:1;霸气橙子:1;金色山脉珍珠奶茶:1;
738,stu_10,星巴克,2024-09-26 21:17:00,已完成,70.0,焦糖玛奇朵:1;燕麦拿铁:1;
739,stu_8,古茗,2024-09-27 12:54:00,已完成,73.0,桃桃冰冰李:1;云深幽兰:1;云雾栀子:3;
740,stu_8,蜜雪冰城,2024-09-27 20:47:00,已取消,16.0,青提肉多多:2;
741,stu_22,茶百道,2024-09-28 15:06:00,已完成,22.0,超级大瓜:1;
742,stu_17,奈雪的茶,2024-09-28 19:15:00,已完成,19.0,霸气橙子:1;
743,stu_15,蜜雪冰城,2024-09-28 20:19:00,已完成,24.0,青提肉多多:3;
744,stu_7,茶百道,2024-09-28 18:11:00,已取消,54.0,青提茉莉:1;超级大瓜:1;蜜瓜冰淇淋:1;
745,stu_7,蜜雪冰城,2024-09-29 09:04:00,已完成,19.0,青提肉多多:2;新鲜冰激凌:1;
746,stu_20,茶百道,2024-09-29 19:42:00,已完成,102.0,青提茉莉:1;超级大瓜:4;
747,stu_31,茶百道,2024-09-29 09:43:00,已完成,54.0,青提茉莉:1;超级大瓜:1;蜜瓜冰淇淋:1;
748,stu_5,瑞幸,2024-09-30 18:49:00,已完成,69.8,橙C美式:1;荔枝冰萃:2;生椰拿铁:1;
749,stu_27,奈雪的茶,2024-09-30 21:57:00,已完成,32.0,金色山脉珍珠奶茶:2;
750,stu_14,星巴克,2024-09-30 21:00:00,已完成,36.0,白桃气泡美式:1;
751,stu_11,星巴克,2024-10-01 15:11:00,已完成,37.0,焦糖玛奇朵:1;
752,stu_40,奈雪的茶,2024-10-01 22:14:00,已完成,38.0,霸气橙子:2;
753,stu_37,蜜雪冰城,2024-10-01 19:57:00,已完成,5.0,冰鲜柠檬水:1;
754,stu_12,蜜雪冰城,2024-10-02 18:20:00,已完成,61.0,青提肉多多:3;新鲜冰激凌:1;满杯百香果:3;冰鲜柠檬水:2;
755,stu_15,茶百道,2024-10-02 21:50:00,已完成,54.0,蜜瓜冰淇淋:3;
756,stu_20,蜜雪冰城,2024-10-03 09:00:00,已完成,8.0,青提肉多多:1;
757,张三,喜茶,2024-10-03 18:30:00,已完成,137.0,清爽芭乐提:1;牦牛乳酥油茶:2;多肉桃李:2;羽衣纤体瓶:2;
758,stu_5,茶百道,2024-10-03 11:47:00,已完成,32.0,青提茉莉:1;蜜瓜冰淇淋:1;
759,stu_49,蜜雪冰城,2024-10-03 15:36:00,已完成,43.0,青提肉多多:3;新鲜冰激凌:2;满杯百香果:1;冰鲜柠檬水:1;
760,王五,茶百道,2024-10-04 10:57:00,已完成,14.0,青提茉莉:1;
761,stu_43,茶百道,2024-10-04 21:05:00,已完成,18.0,蜜瓜冰淇淋:1;
762,李四,喜茶,2024-10-05 22:03:00,已完成,57.0,羽衣纤体瓶:3;
763,stu_13,蜜雪冰城,2024-10-05 18:57:00,已完成,41.0,青提肉多多:2;新鲜冰激凌:4;满杯百香果:1;冰鲜柠檬水:1;
764,吴十,星巴克,2024-10-05 06:57:00,已完成,66.0,燕麦拿铁:2;
765,stu_10,茶百道,2024-10-06 20:21:00,已完成,14.0,青提茉莉:1;
766,stu_26,蜜雪冰城,2024-10-06 17:54:00,已取消,56.0,青提肉多多:5;新鲜冰激凌:1;满杯百香果:1;冰鲜柠檬水:1;
767,stu_15,奈雪的茶,2024-10-06 13:35:00,已完成,70.0,茉莉初雪奶茶:1;霸气橙子:2;金色山脉珍珠奶茶:1;
768,stu_26,蜜雪冰城,2024-10-06 10:02:00,已完成,9.0,新鲜冰激凌:3;
769,stu_2,奈雪的茶,2024-10-06 20:07:00,已完成,48.0,金色山脉珍珠奶茶:3;
770,孙八,茶百道,2024-10-07 09:00:00,已完成,32.0,青提茉莉:1;蜜瓜冰淇淋:1;
771,stu_11,喜茶,2024-10-07 15:06:00,已完成,19.0,羽衣纤体瓶:1;
772,stu_33,蜜雪冰城,2024-10-07 16:30:00,已完成,20.0,冰鲜柠檬水:4;
773,stu_8,奈雪的茶,2024-10-08 11:52:00,已完成,73.0,茉莉初雪奶茶:1;霸气橙子:3;
774,stu_8,古茗,2024-10-08 13:02:00,已完成,31.0,云深幽兰:1;云雾栀子:1;
775,stu_9,古茗,2024-10-09 22:53:00,已完成,14.0,桃桃冰冰李:1;
776,stu_17,奈雪的茶,2024-10-09 19:25:00,已完成,16.0,金色山脉珍珠奶茶:1;
777,stu_38,瑞幸,2024-10-10 17:13:00,已完成,21.0,荔枝冰萃:1;
778,stu_8,茶百道,2024-10-10 22:41:00,已完成,28.0,青提茉莉:2;
779,stu_50,茶百道,2024-10-10 09:32:00,已完成,98.0,青提茉莉:1;超级大瓜:3;蜜瓜冰淇淋:1;
780,stu_32,茶百道,2024-10-11 18:03:00,已完成,76.0,青提茉莉:1;超级大瓜:2;蜜瓜冰淇淋:1;
781,stu_50,瑞幸,2024-10-11 10:37:00,已完成,13.9,生椰拿铁:1;
782,stu_29,古茗,2024-10-11 18:40:00,已完成,28.0,桃桃冰冰李:1;云雾栀子:1;
783,stu_6,喜茶,2024-10-11 22:04:00,已完成,23.0,牦牛乳酥油茶:1;
784,孙八,瑞幸,2024-10-11 12:08:00,已完成,76.6,橙C美式:4;荔枝冰萃:1;
785,stu_15,蜜雪冰城,2024-10-12 18:07:00,已完成,53.0,青提肉多多:4;新鲜冰激凌:1;满杯百香果:1;冰鲜柠檬水:2;
786,stu_36,茶百道,2024-10-12 11:45:00,已完成,54.0,青提茉莉:1;超级大瓜:1;蜜瓜冰淇淋:1;
787,stu_29,蜜雪冰城,2024-10-12 13:01:00,已完成,13.0,满杯百香果:1;冰鲜柠檬水:1;
788,stu_48,茶百道,2024-10-13 07:35:00,已完成,72.0,青提茉莉:1;超级大瓜:1;蜜瓜冰淇淋:2;
789,stu_43,蜜雪冰城,2024-10-13 11:50:00,已完成,29.0,青提肉多多:1;新鲜冰激凌:1;满杯百香果:1;冰鲜柠檬水:2;
790,stu_33,奈雪的茶,2024-10-13 08:07:00,已完成,16.0,茉莉初雪奶茶:1;
791,王五,奈雪的茶,2024-10-14 19:20:00,已完成,16.0,茉莉初雪奶茶:1;
792,张三,蜜雪冰城,2024-10-14 18:47:00,已取消,29.0,新鲜冰激凌:1;满杯百香果:2;冰鲜柠檬水:2;
793,stu_28,蜜雪冰城,2024-10-15 07:54:00,已完成,8.0,满杯百香果:1;
794,stu_38,星巴克,2024-10-15 16:24:00,已完成,37.0,焦糖玛奇朵:1;
795,stu_33,瑞幸,2024-10-16 08:35:00,已完成,37.0,鲜萃轻轻茉莉:1;荔枝冰萃:1;
796,stu_17,奈雪的茶,2024-10-16 21:43:00,已完成,19.0,霸气橙子:1;
797,stu_20,茶百道,2024-10-17 20:02:00,已完成,14.0,青提茉莉:1;
798,stu_12,茶百道,2024-10-17 14:56:00,已完成,18.0,蜜瓜冰淇淋:1;
799,stu_37,蜜雪冰城,2024-10-18 20:17:00,已完成,3.0,新鲜冰激凌:1;
800,stu_30,蜜雪冰城,2024-10-18 18:15:00,已完成,8.0,满杯百香果:1;
801,stu_17,奈雪的茶,2024-10-19 15:09:00,已完成,35.0,茉莉初雪奶茶:1;霸气橙子:1;
802,stu_22,茶百道,2024-10-19 21:03:00,已完成,54.0,蜜瓜冰淇淋:3;
803,stu_39,蜜雪冰城,2024-10-19 07:09:00,已完成,3.0,新鲜冰激凌:1;
804,吴十,茶百道,2024-10-20 16:58:00,已完成,76.0,超级大瓜:1;蜜瓜冰淇淋:3;
805,stu_42,茶百道,2024-10-20 11:29:00,已完成,90.0,青提茉莉:1;超级大瓜:1;蜜瓜冰淇淋:3;
806,钱七,茶百道,2024-10-20 15:22:00,已完成,32.0,青提茉莉:1;蜜瓜冰淇淋:1;
807,stu_33,奈雪的茶,2024-10-20 08:47:00,已完成,16.0,茉莉初雪奶茶:1;
808,stu_49,蜜雪冰城,2024-10-21 19:33:00,已完成,3.0,新鲜冰激凌:1;
809,stu_3,古茗,2024-10-21 16:57:00,已完成,34.0,云深幽兰:2;
810,stu_9,喜茶,2024-10-21 16:06:00,已完成,23.0,牦牛乳酥油茶:1;
811,stu_27,蜜雪冰城,2024-10-22 22:55:00,已完成,8.0,青提肉多多:1;
812,stu_35,茶百道,2024-10-22 09:27:00,已完成,14.0,青提茉莉:1;
813,赵六,喜茶,2024-10-23 16:00:00,已完成,76.0,羽衣纤体瓶:4;
814,stu_45,蜜雪冰城,2024-10-23 10:46:00,已完成,10.0,冰鲜柠檬水:2;
815,stu_18,奈雪的茶,2024-10-24 16:34:00,已完成,19.0,霸气橙子:1;
816,stu_47,瑞幸,2024-10-24 18:56:00,已完成,82.9,橙C美式:1;鲜萃轻轻茉莉:3;荔枝冰萃:1;
817,stu_18,瑞幸,2024-10-24 21:10:00,已完成,13.9,橙C美式:1;
818,stu_38,古茗,2024-10-25 09:13:00,已完成,17.0,云深幽兰:1;
819,stu_18,蜜雪冰城,2024-10-25 11:58:00,已取消,48.0,青提肉多多:4;新鲜冰激凌:1;满杯百香果:1;冰鲜柠檬水:1;
820,stu_38,蜜雪冰城,2024-10-26 14:49:00,已完成,8.0,新鲜冰激凌:1;冰鲜柠檬水:1;
821,stu_41,茶百道,2024-10-26 20:39:00,已完成,14.0,青提茉莉:1;
822,stu_40,茶百道,2024-10-26 10:20:00,已完成,14.0,青提茉莉:1;
823,stu_9,茶百道,2024-10-27 18:35:00,已完成,90.0,青提茉莉:2;超级大瓜:2;蜜瓜冰淇淋:1;
824,stu_36,蜜雪冰城,2024-10-27 13:15:00,已完成,28.0,青提肉多多:2;新鲜冰激凌:4;
825,stu_28,茶百道,2024-10-27 21:46:00,已完成,54.0,蜜瓜冰淇淋:3;
826,stu_27,古茗,2024-10-28 16:09:00,已完成,28.0,桃桃冰冰李:2;
827,stu_24,蜜雪冰城,2024-10-28 16:01:00,已完成,15.0,冰鲜柠檬水:3;
828,孙八,喜茶,2024-10-29 20:44:00,已完成,19.0,清爽芭乐提:1;
829,stu_39,喜茶,2024-10-29 18:43:00,已完成,19.0,羽衣纤体瓶:1;
830,stu_25,蜜雪冰城,2024-10-30 22:42:00,已完成,8.0,新鲜冰激凌:1;冰鲜柠檬水:1;
831,赵六,蜜雪冰城,2024-10-30 14:39:00,已完成,16.0,青提肉多多:2;
832,stu_37,奈雪的茶,2024-10-31 06:49:00,已完成,16.0,茉莉初雪奶茶:1;
833,stu_19,瑞幸,2024-10-31 21:17:00,已完成,16.0,鲜萃轻轻茉莉:1;
834,stu_8,星巴克,2024-11-01 12:00:00,已完成,174.0,抹茶星冰乐:1;焦糖玛奇朵:1;燕麦拿铁:2;比利时黑巧拿铁:1;
835,stu_34,古茗,2024-11-01 15:53:00,已完成,14.0,桃桃冰冰李:1;
836,张三,喜茶,2024-11-01 07:32:00,已完成,80.0,清爽芭乐提:1;牦牛乳酥油茶:1;羽衣纤体瓶:2;
837,stu_7,茶百道,2024-11-02 12:14:00,已完成,76.0,青提茉莉:1;超级大瓜:2;蜜瓜冰淇淋:1;
838,stu_14,茶百道,2024-11-02 11:19:00,已完成,68.0,青提茉莉:2;超级大瓜:1;蜜瓜冰淇淋:1;
839,stu_37,瑞幸,2024-11-02 13:45:00,已完成,41.7,生椰拿铁:3;
840,吴十,奈雪的茶,2024-11-03 22:27:00,已完成,19.0,霸气橙子:1;
841,stu_44,喜茶,2024-11-03 15:06:00,已完成,42.0,牦牛乳酥油茶:1;羽衣纤体瓶:1;
842,孙八,瑞幸,2024-11-03 15:57:00,已完成,75.8,鲜萃轻轻茉莉:3;生椰拿铁:2;
843,stu_28,瑞幸,2024-11-04 12:49:00,已完成,80.8,橙C美式:1;鲜萃轻轻茉莉:2;荔枝冰萃:1;生椰拿铁:1;
844,stu_28,奈雪的茶,2024-11-04 22:08:00,已完成,32.0,金色山脉珍珠奶茶:2;
845,stu_16,古茗,2024-11-05 10:51:00,已完成,28.0,云雾栀子:2;
846,stu_4,古茗,2024-11-05 17:19:00,已完成,87.0,桃桃冰冰李:1;云深幽兰:1;云雾栀子:4;
847,stu_40,奈雪的茶,2024-11-06 19:52:00,已完成,19.0,霸气橙子:1;
848,stu_24,奈雪的茶,2024-11-06 12:23:00,已完成,64.0,茉莉初雪奶茶:3;金色山脉珍珠奶茶:1;
849,stu_23,喜茶,2024-11-06 09:22:00,已完成,19.0,清爽芭乐提:1;
850,钱七,蜜雪冰城,2024-11-06 22:12:00,已完成,25.0,冰鲜柠檬水:5;
851,赵六,奈雪的茶,2024-11-07 12:02:00,已完成,118.0,茉莉初雪奶茶:3;霸气橙子:2;金色山脉珍珠奶茶:2;
852,stu_38,蜜雪冰城,2024-11-07 19:37:00,已完成,8.0,青提肉多多:1;
853,stu_14,古茗,2024-11-07 08:39:00,已取消,14.0,云雾栀子:1;
854,stu_35,茶百道,2024-11-08 20:35:00,已完成,18.0,蜜瓜冰淇淋:1;
855,stu_9,喜茶,2024-11-08 10:21:00,已完成,23.0,牦牛乳酥油茶:1;
856,stu_17,瑞幸,2024-11-09 12:47:00,已完成,34.9,荔枝冰萃:1;生椰拿铁:1;
857,stu_47,瑞幸,2024-11-09 11:13:00,已完成,29.9,鲜萃轻轻茉莉:1;生椰拿铁:1;
858,stu_48,喜茶,2024-11-09 17:15:00,已完成,101.0,清爽芭乐提:1;牦牛乳酥油茶:2;多肉桃李:1;羽衣纤体瓶:1;
859,stu_30,蜜雪冰城,2024-11-09 10:54:00,已完成,6.0,新鲜冰激凌:2;
860,stu_19,奈雪的茶,2024-11-10 22:20:00,已完成,51.0,茉莉初雪奶茶:2;霸气橙子:1;
861,stu_10,蜜雪冰城,2024-11-10 12:32:00,已完成,21.0,青提肉多多:2;冰鲜柠檬水:1;
862,stu_43,奈雪的茶,2024-11-10 15:09:00,已完成,19.0,霸气橙子:1;
863,stu_6,蜜雪冰城,2024-11-10 07:40:00,已完成,3.0,新鲜冰激凌:1;
864,stu_41,瑞幸,2024-11-11 07:46:00,已完成,16.0,鲜萃轻轻茉莉:1;
865,孙八,古茗,2024-11-11 15:17:00,已完成,31.0,桃桃冰冰李:1;云深幽兰:1;
866,stu_10,蜜雪冰城,2024-11-12 08:23:00,已完成,9.0,新鲜冰激凌:3;
867,stu_28,瑞幸,2024-11-12 12:35:00,已完成,71.9,鲜萃轻轻茉莉:1;荔枝冰萃:2;生椰拿铁:1;
868,stu_16,茶百道,2024-11-13 10:14:00,已完成,14.0,青提茉莉:1;
869,stu_5,古茗,2024-11-13 09:24:00,已完成,28.0,桃桃冰冰李:1;云雾栀子:1;
870,张三,蜜雪冰城,2024-11-14 19:00:00,已完成,3.0,新鲜冰激凌:1;
871,stu_44,奈雪的茶,2024-11-14 21:53:00,已完成,16.0,金色山脉珍珠奶茶:1;
872,stu_49,茶百道,2024-11-15 15:18:00,已完成,18.0,蜜瓜冰淇淋:1;
873,stu_9,古茗,2024-11-15 15:29:00,已完成,14.0,云雾栀子:1;
874,stu_14,蜜雪冰城,2024-11-15 14:18:00,已完成,21.0,青提肉多多:1;新鲜冰激凌:1;冰鲜柠檬水:2;
875,stu_29,喜茶,2024-11-16 15:22:00,已完成,19.0,清爽芭乐提:1;
876,李四,喜茶,2024-11-16 07:34:00,已完成,19.0,羽衣纤体瓶:1;
877,stu_9,蜜雪冰城,2024-11-16 21:23:00,已完成,3.0,新鲜冰激凌:1;
878,stu_44,喜茶,2024-11-16 10:56:00,已完成,23.0,牦牛乳酥油茶:1;
879,stu_18,瑞幸,2024-11-17 12:33:00,已完成,82.9,羽衣轻体果蔬茶:2;鲜萃轻轻茉莉:1;荔枝冰萃:1;生椰拿铁:1;
880,stu_27,蜜雪冰城,2024-11-17 12:24:00,已完成,6.0,新鲜冰激凌:2;
881,stu_30,蜜雪冰城,2024-11-17 12:50:00,已完成,16.0,青提肉多多:1;新鲜冰激凌:1;冰鲜柠檬水:1;
882,stu_3,古茗,2024-11-18 07:53:00,已完成,68.0,云深幽兰:4;
883,stu_18,蜜雪冰城,2024-11-18 08:57:00,已完成,5.0,冰鲜柠檬水:1;
884,stu_5,古茗,2024-11-18 07:10:00,已完成,17.0,云深幽兰:1;
885,stu_25,茶百道,2024-11-19 12:55:00,已完成,54.0,青提茉莉:1;超级大瓜:1;蜜瓜冰淇淋:1;
886,stu_28,瑞幸,2024-11-19 10:21:00,已完成,21.0,荔枝冰萃:1;
887,stu_15,古茗,2024-11-20 09:42:00,已完成,76.0,桃桃冰冰李:1;云深幽兰:2;云雾栀子:2;
888,stu_2,古茗,2024-11-20 08:27:00,已完成,45.0,桃桃冰冰李:1;云深幽兰:1;云雾栀子:1;
889,stu_17,蜜雪冰城,2024-11-21 10:33:00,已完成,19.0,青提肉多多:2;新鲜冰激凌:1;
890,stu_35,喜茶,2024-11-21 17:32:00,已完成,78.0,清爽芭乐提:1;牦牛乳酥油茶:1;多肉桃李:1;羽衣纤体瓶:1;
891,stu_32,古茗,2024-11-22 08:55:00,已完成,42.0,桃桃冰冰李:3;
892,stu_37,蜜雪冰城,2024-11-22 13:44:00,已取消,3.0,新鲜冰激凌:1;
893,吴十,茶百道,2024-11-23 14:27:00,已完成,14.0,青提茉莉:1;
894,stu_42,蜜雪冰城,2024-11-23 19:44:00,已完成,8.0,青提肉多多:1;
895,stu_36,蜜雪冰城,2024-11-23 09:31:00,已完成,10.0,冰鲜柠檬水:2;
896,王五,星巴克,2024-11-23 07:24:00,已完成,37.0,焦糖玛奇朵:1;
897,stu_23,瑞幸,2024-11-24 08:58:00,已完成,13.9,橙C美式:1;
898,stu_17,蜜雪冰城,2024-11-24 08:04:00,已完成,8.0,青提肉多多:1;
899,stu_5,奈雪的茶,2024-11-24 19:31:00,已完成,19.0,霸气橙子:1;
900,stu_47,瑞幸,2024-11-24 21:20:00,已完成,16.0,羽衣轻体果蔬茶:1;
901,stu_49,奈雪的茶,2024-11-25 08:21:00,已完成,48.0,茉莉初雪奶茶:2;金色山脉珍珠奶茶:1;
902,stu_7,奈雪的茶,2024-11-25 10:03:00,已取消,16.0,茉莉初雪奶茶:1;
903,stu_33,蜜雪冰城,2024-11-25 17:02:00,已完成,5.0,冰鲜柠檬水:1;
904,stu_36,瑞幸,2024-11-26 20:14:00,已完成,16.0,羽衣轻体果蔬茶:1;
905,stu_17,喜茶,2024-11-26 15:35:00,已完成,38.0,清爽芭乐提:2;
906,stu_23,茶百道,2024-11-26 18:32:00,已完成,72.0,青提茉莉:1;超级大瓜:1;蜜瓜冰淇淋:2;
907,stu_45,瑞幸,2024-11-27 12:08:00,已完成,89.7,橙C美式:2;羽衣轻体果蔬茶:1;鲜萃轻轻茉莉:2;生椰拿铁:1;
908,stu_38,奈雪的茶,2024-11-27 21:45:00,已完成,48.0,金色山脉珍珠奶茶:3;
909,stu_43,蜜雪冰城,2024-11-27 09:12:00,已完成,16.0,青提肉多多:1;新鲜冰激凌:1;冰鲜柠檬水:1;
910,stu_20,奈雪的茶,2024-11-28 16:37:00,已完成,32.0,茉莉初雪奶茶:2;
911,stu_47,古茗,2024-11-28 10:05:00,已完成,17.0,云深幽兰:1;
912,stu_2,喜茶,2024-11-29 08:17:00,已完成,46.0,牦牛乳酥油茶:2;
913,stu_41,喜茶,2024-11-29 18:00:00,已完成,61.0,清爽芭乐提:1;牦牛乳酥油茶:1;羽衣纤体瓶:1;
914,钱七,古茗,2024-11-29 21:20:00,已完成,14.0,云雾栀子:1;
915,stu_43,蜜雪冰城,2024-11-30 21:08:00,已完成,10.0,冰鲜柠檬水:2;
916,stu_14,蜜雪冰城,2024-11-30 21:56:00,已完成,16.0,满杯百香果:2;
917,stu_26,蜜雪冰城,2024-11-30 09:54:00,已完成,10.0,冰鲜柠檬水:2;
918,吴十,蜜雪冰城,2024-11-30 12:36:00,已取消,24.0,青提肉多多:1;新鲜冰激凌:1;满杯百香果:1;冰鲜柠檬水:1;
919,stu_12,古茗,2024-11-30 12:12:00,已完成,14.0,桃桃冰冰李:1;
920,stu_47,茶百道,2024-12-01 07:30:00,已完成,14.0,青提茉莉:1;
921,stu_17,蜜雪冰城,2024-12-01 22:46:00,已完成,5.0,冰鲜柠檬水:1;
922,stu_42,瑞幸,2024-12-01 07:12:00,已完成,13.9,生椰拿铁:1;
923,张三,星巴克,2024-12-02 11:03:00,已完成,148.0,焦糖玛奇朵:1;燕麦拿铁:1;比利时黑巧拿铁:2;
924,stu_15,蜜雪冰城,2024-12-02 07:10:00,已完成,32.0,青提肉多多:4;
925,stu_19,瑞幸,2024-12-03 19:55:00,已完成,16.0,鲜萃轻轻茉莉:1;
926,stu_24,古茗,2024-12-03 21:51:00,已完成,17.0,云深幽兰:1;
927,stu_13,奈雪的茶,2024-12-03 18:39:00,已完成,51.0,茉莉初雪奶茶:1;霸气橙子:1;金色山脉珍珠奶茶:1;
928,stu_47,奈雪的茶,2024-12-04 16:30:00,已完成,16.0,茉莉初雪奶茶:1;
929,stu_6,蜜雪冰城,2024-12-04 21:12:00,已完成,8.0,青提肉多多:1;
930,stu_1,奈雪的茶,2024-12-05 18:49:00,已完成,83.0,茉莉初雪奶茶:1;霸气橙子:1;金色山脉珍珠奶茶:3;
931,stu_12,瑞幸,2024-12-05 07:24:00,已完成,16.0,鲜萃轻轻茉莉:1;
932,stu_9,蜜雪冰城,2024-12-06 13:54:00,已完成,15.0,冰鲜柠檬水:3;
933,stu_43,瑞幸,2024-12-06 17:15:00,已完成,80.8,橙C美式:2;鲜萃轻轻茉莉:2;荔枝冰萃:1;
934,stu_24,茶百道,2024-12-07 11:08:00,已完成,54.0,青提茉莉:1;超级大瓜:1;蜜瓜冰淇淋:1;
935,stu_30,蜜雪冰城,2024-12-07 17:59:00,已完成,24.0,青提肉多多:1;新鲜冰激凌:1;满杯百香果:1;冰鲜柠檬水:1;
936,stu_13,蜜雪冰城,2024-12-07 17:47:00,已取消,24.0,青提肉多多:1;新鲜冰激凌:1;满杯百香果:1;冰鲜柠檬水:1;
937,stu_2,古茗,2024-12-07 07:27:00,已完成,28.0,云雾栀子:2;
938,stu_25,古茗,2024-12-07 22:43:00,已完成,14.0,云雾栀子:1;
939,stu_34,蜜雪冰城,2024-12-07 13:57:00,已完成,6.0,新鲜冰激凌:2;
940,stu_29,喜茶,2024-12-08 22:13:00,已完成,19.0,清爽芭乐提:1;
941,stu_25,茶百道,2024-12-08 06:13:00,已完成,14.0,青提茉莉:1;
942,stu_36,奈雪的茶,2024-12-08 20:42:00,已完成,19.0,霸气橙子:1;
943,stu_27,喜茶,2024-12-09 16:49:00,已完成,80.0,清爽芭乐提:3;牦牛乳酥油茶:1;
944,stu_5,奈雪的茶,2024-12-09 09:39:00,已取消,89.0,霸气橙子:3;金色山脉珍珠奶茶:2;
945,stu_32,古茗,2024-12-10 21:16:00,已完成,17.0,云深幽兰:1;
946,stu_28,蜜雪冰城,2024-12-10 15:59:00,已完成,18.0,满杯百香果:1;冰鲜柠檬水:2;
947,stu_32,蜜雪冰城,2024-12-11 19:02:00,已完成,9.0,新鲜冰激凌:3;
948,stu_45,蜜雪冰城,2024-12-11 06:52:00,已完成,8.0,青提肉多多:1;
949,stu_47,古茗,2024-12-12 10:43:00,已完成,17.0,云深幽兰:1;
950,stu_38,蜜雪冰城,2024-12-12 22:15:00,已完成,10.0,冰鲜柠檬水:2;
951,王五,蜜雪冰城,2024-12-12 11:52:00,已完成,32.0,青提肉多多:2;新鲜冰激凌:1;满杯百香果:1;冰鲜柠檬水:1;
952,stu_25,古茗,2024-12-13 12:11:00,已完成,31.0,桃桃冰冰李:1;云深幽兰:1;
953,stu_50,茶百道,2024-12-13 08:09:00,已取消,64.0,青提茉莉:3;超级大瓜:1;
954,stu_9,喜茶,2024-12-14 07:38:00,已完成,57.0,清爽芭乐提:1;羽衣纤体瓶:2;
955,周九,茶百道,2024-12-14 12:22:00,已完成,68.0,青提茉莉:2;超级大瓜:1;蜜瓜冰淇淋:1;
956,stu_21,古茗,2024-12-14 13:43:00,已完成,56.0,桃桃冰冰李:4;
957,stu_20,蜜雪冰城,2024-12-15 21:37:00,已完成,8.0,满杯百香果:1;
958,stu_39,蜜雪冰城,2024-12-15 20:27:00,已完成,15.0,冰鲜柠檬水:3;
959,stu_30,瑞幸,2024-12-15 19:59:00,已完成,21.0,荔枝冰萃:1;
960,stu_36,茶百道,2024-12-16 15:01:00,已完成,32.0,青提茉莉:1;蜜瓜冰淇淋:1;
961,stu_3,星巴克,2024-12-16 08:59:00,已完成,212.0,抹茶星冰乐:1;焦糖玛奇朵:3;燕麦拿铁:1;白桃气泡美式:1;
962,stu_3,古茗,2024-12-16 21:06:00,已完成,73.0,云深幽兰:1;云雾栀子:4;
963,stu_21,喜茶,2024-12-16 07:10:00,已完成,19.0,羽衣纤体瓶:1;
964,stu_7,茶百道,2024-12-17 11:01:00,已完成,54.0,青提茉莉:1;超级大瓜:1;蜜瓜冰淇淋:1;
965,stu_7,蜜雪冰城,2024-12-17 15:53:00,已完成,43.0,青提肉多多:1;新鲜冰激凌:4;满杯百香果:1;冰鲜柠檬水:3;
966,stu_47,茶百道,2024-12-18 15:56:00,已完成,14.0,青提茉莉:1;
967,stu_28,茶百道,2024-12-18 14:49:00,已完成,108.0,青提茉莉:3;超级大瓜:3;
968,stu_31,星巴克,2024-12-19 16:44:00,已完成,111.0,焦糖玛奇朵:3;
969,stu_34,蜜雪冰城,2024-12-19 13:38:00,已完成,28.0,青提肉多多:1;冰鲜柠檬水:4;
970,stu_37,茶百道,2024-12-20 20:40:00,已完成,22.0,超级大瓜:1;
971,stu_26,古茗,2024-12-20 17:16:00,已完成,45.0,桃桃冰冰李:2;云深幽兰:1;
972,stu_48,瑞幸,2024-12-21 13:04:00,已完成,101.0,羽衣轻体果蔬茶:3;鲜萃轻轻茉莉:2;荔枝冰萃:1;
973,stu_49,瑞幸,2024-12-21 08:00:00,已完成,76.9,荔枝冰萃:3;生椰拿铁:1;
974,stu_41,蜜雪冰城,2024-12-21 20:04:00,已完成,16.0,青提肉多多:2;
975,stu_15,蜜雪冰城,2024-12-22 18:52:00,已完成,48.0,青提肉多多:4;新鲜冰激凌:1;满杯百香果:1;冰鲜柠檬水:1;
976,stu_41,蜜雪冰城,2024-12-22 09:38:00,已完成,3.0,新鲜冰激凌:1;
977,stu_28,蜜雪冰城,2024-12-22 08:14:00,已完成,16.0,新鲜冰激凌:1;满杯百香果:1;冰鲜柠檬水:1;
978,stu_44,茶百道,2024-12-22 15:16:00,已完成,14.0,青提茉莉:1;
979,stu_41,茶百道,2024-12-23 18:13:00,已完成,122.0,青提茉莉:3;超级大瓜:2;蜜瓜冰淇淋:2;
980,stu_15,蜜雪冰城,2024-12-23 15:11:00,已完成,5.0,冰鲜柠檬水:1;
981,钱七,蜜雪冰城,2024-12-24 14:55:00,已完成,27.0,青提肉多多:3;新鲜冰激凌:1;
982,stu_45,古茗,2024-12-24 06:15:00,已完成,14.0,云雾栀子:1;
983,stu_16,瑞幸,2024-12-25 17:05:00,已完成,121.7,橙C美式:2;羽衣轻体果蔬茶:3;鲜萃轻轻茉莉:2;生椰拿铁:1;
984,stu_36,茶百道,2024-12-25 13:48:00,已完成,14.0,青提茉莉:1;
985,stu_24,茶百道,2024-12-26 10:34:00,已取消,44.0,超级大瓜:2;
986,孙八,茶百道,2024-12-26 17:33:00,已取消,76.0,青提茉莉:1;超级大瓜:2;蜜瓜冰淇淋:1;
987,stu_42,蜜雪冰城,2024-12-26 11:10:00,已完成,43.0,青提肉多多:4;新鲜冰激凌:1;满杯百香果:1;
988,stu_24,蜜雪冰城,2024-12-27 19:40:00,已完成,18.0,青提肉多多:1;冰鲜柠檬水:2;
989,stu_1,喜茶,2024-12-27 10:22:00,已完成,57.0,清爽芭乐提:1;羽衣纤体瓶:2;
990,stu_21,蜜雪冰城,2024-12-28 09:05:00,已完成,37.0,青提肉多多:2;满杯百香果:2;冰鲜柠檬水:1;
991,stu_42,瑞幸,2024-12-28 20:19:00,已完成,16.0,鲜萃轻轻茉莉:1;
992,stu_20,蜜雪冰城,2024-12-28 16:30:00,已完成,5.0,冰鲜柠檬水:1;
993,stu_10,蜜雪冰城,2024-12-29 17:21:00,已取消,32.0,青提肉多多:2;新鲜冰激凌:1;满杯百香果:1;冰鲜柠檬水:1;
994,stu_19,奈雪的茶,2024-12-29 21:03:00,已完成,70.0,茉莉初雪奶茶:2;霸气橙子:2;
995,stu_14,茶百道,2024-12-29 15:14:00,已完成,22.0,超级大瓜:1;
996,赵六,茶百道,2024-12-30 21:07:00,已完成,14.0,青提茉莉:1;
997,吴十,星巴克,2024-12-30 20:22:00,已完成,36.0,白桃气泡美式:1;
998,stu_5,蜜雪冰城,2024-12-31 14:31:00,已完成,3.0,新鲜冰激凌:1;
999,stu_13,蜜雪冰城,2024-12-31 13:24:00,已完成,5.0,冰鲜柠檬水:1;
1000,周九,茶百道,2024-12-31 07:28:00,已完成,14.0,青提茉莉:1;
